{"stats":{"minecraft:killed_by":{"minecraft:player":1,"minecraft:wolf":1,"minecraft:pufferfish":2,"undead_revamp2:therod":1,"minecraft:witch":1,"john_mod_reborn:sprinting_john":5,"minecraft:vex":1},"minecraft:crafted":{"minecraft:oak_planks":12,"minecraft:cobblestone_slab":6,"minecraft:pointed_dripstone":10,"minecraft:furnace":3,"minecraft:diamond_shovel":1,"minecraft:spruce_fence":15,"minecraft:white_carpet":3,"minecraft:iron_boots":2,"minecraft:iron_axe":2,"minecraft:diamond_sword":1,"minecraft:diamond_axe":1,"minecraft:spruce_planks":28,"minecraft:iron_helmet":2,"minecraft:iron_sword":1,"minecraft:air":0,"minecraft:iron_chestplate":2,"minecraft:diamond_pickaxe":2,"minecraft:shield":1,"minecraft:stick":68,"minecraft:iron_pickaxe":2,"minecraft:iron_ingot":77,"minecraft:iron_shovel":1,"minecraft:iron_leggings":2,"minecraft:diorite_slab":6,"minecraft:granite_slab":18,"minecraft:shears":1},"minecraft:picked_up":{"silentgear:rod_blueprint":1,"minecraft:iron_chestplate":4,"minecraft:wheat":117,"minecraft:splash_potion":1,"minecraft:clay_ball":24,"minecraft:prismarine_shard":3,"silentgear:spear_blueprint":1,"minecraft:diamond_sword":4,"silentgear:shield_blueprint":1,"silentgear:pickaxe_blueprint":1,"minecraft:dead_horn_coral_block":2,"minecraft:shield":4,"silentgear:sinew":1,"minecraft:string":8,"minecraft:dead_tube_coral_block":3,"minecraft:iron_leggings":3,"minecraft:white_carpet":3,"minecraft:iron_shovel":1,"minecraft:sea_pickle":3,"minecraft:bubble_coral":2,"minecraft:cobblestone_slab":4,"minecraft:melon_slice":30,"minecraft:chest":11,"minecraft:iron_boots":4,"minecraft:egg":1,"minecraft:raw_iron":11,"minecraft:torch":6,"minecraft:porkchop":3,"minecraft:dried_kelp":1,"minecraft:music_disc_11":1,"minecraft:diorite":7,"minecraft:carrot":641,"minecraft:redstone":10,"minecraft:prismarine_crystals":21,"minecraft:arrow":2,"minecraft:tube_coral":4,"minecraft:rotten_flesh":15,"minecraft:tropical_fish":1,"silentgear:axe_blueprint":1,"silentgear:shovel_blueprint":1,"minecraft:white_wool":5,"silentgear:knife_blueprint":2,"minecraft:cobblestone":116,"minecraft:sponge":7,"minecraft:birch_log":3,"born_in_chaos_v1:corpse_maggot":4,"minecraft:jungle_log":11,"minecraft:salmon":2,"minecraft:andesite":2,"minecraft:flint":2,"savage_and_ravage:creeper_spores":18,"minecraft:oak_log":5,"minecraft:prismarine_bricks":41,"minecraft:gunpowder":9,"minecraft:horn_coral":1,"minecraft:dirt":241,"minecraft:bone":8,"minecraft:apple":4,"minecraft:kelp":4,"minecraft:wheat_seeds":250,"alexsmobs:cockroach_wing_fragment":3,"minecraft:raw_gold":9,"minecraft:bamboo":822,"croptopia:roe":4,"minecraft:prismarine":33,"minecraft:iron_sword":1,"minecraft:music_disc_chirp":2,"minecraft:pumpkin":1,"minecraft:gravel":5,"minecraft:dead_fire_coral_block":7,"minecraft:sand":57,"undead_unleashed:grave_metal_scrap":5,"minecraft:granite_slab":1,"minecraft:ink_sac":1,"minecraft:dark_oak_log":8,"alexsmobs:animal_dictionary":1,"minecraft:mossy_cobblestone":2,"minecraft:dark_prismarine":26,"minecraft:diamond_shovel":4,"minecraft:pumpkin_seeds":1,"minecraft:sugar":3,"minecraft:diamond":1,"minecraft:dead_bubble_coral_block":2,"minecraft:iron_helmet":5,"minecraft:dead_brain_coral_block":8,"minecraft:granite":1,"minecraft:diamond_axe":5,"minecraft:bone_meal":16,"minecraft:emerald":2,"minecraft:oak_sapling":1,"born_in_chaos_v1:rotten_fish":18,"minecraft:melon_seeds":2,"minecraft:coal":8,"rottencreatures:magma_rotten_flesh":2,"minecraft:diamond_pickaxe":4},"minecraft:mined":{"minecraft:dark_prismarine":19,"minecraft:diamond_ore":1,"minecraft:oak_sapling":1,"minecraft:mossy_cobblestone":1,"minecraft:dark_oak_log":4,"minecraft:sea_lantern":2,"minecraft:granite":1,"minecraft:grass_block":8,"minecraft:jungle_log":11,"minecraft:bubble_coral_block":1,"minecraft:tube_coral_block":1,"minecraft:redstone_ore":2,"minecraft:carrots":49,"minecraft:iron_ore":6,"minecraft:pumpkin":1,"minecraft:granite_slab":1,"minecraft:packed_ice":2,"minecraft:bamboo":92,"minecraft:stone":10,"minecraft:brain_coral_block":4,"minecraft:fire_coral_block":2,"minecraft:torch":1,"minecraft:sponge":2,"minecraft:melon":5,"minecraft:chest":5,"minecraft:cobblestone":85,"minecraft:prismarine":24,"minecraft:diorite":5,"minecraft:prismarine_bricks":16,"minecraft:birch_log":1,"minecraft:wheat":40,"minecraft:birch_leaves":1,"minecraft:white_carpet":3,"minecraft:coal_ore":4,"minecraft:oak_log":2,"minecraft:gravel":2,"minecraft:dirt":32,"minecraft:sand":16,"minecraft:cobweb":8,"minecraft:gold_ore":4,"minecraft:oak_leaves":1,"minecraft:horn_coral_block":2},"minecraft:dropped":{"minecraft:wheat_seeds":1,"silentgear:knife_blueprint":1,"minecraft:iron_leggings":2,"minecraft:iron_boots":2,"minecraft:endermite_spawn_egg":1,"minecraft:horn_coral_fan":1,"born_in_chaos_v1:corpse_maggot":2},"minecraft:used":{"minecraft:oak_trapdoor":82,"minecraft:oak_fence":14,"minecraft:iron_shovel":2,"twilightforest:glass_sword":4,"minecraft:chest":11,"minecraft:iron_sword":36,"minecraft:zombie_spawn_egg":1,"minecraft:iron_chestplate":3,"minecraft:torch":20,"minecraft:dirt":36,"minecraft:skeleton_spawn_egg":1,"minecraft:white_carpet":6,"minecraft:hopper":6,"minecraft:carrot":151,"minecraft:spruce_fence":12,"minecraft:lava_bucket":5,"minecraft:grass_block":62,"minecraft:spawner":4,"minecraft:iron_helmet":2,"minecraft:iron_boots":3,"minecraft:bamboo":79,"minecraft:bedrock":4,"minecraft:reinforced_deepslate":5,"minecraft:furnace":3,"minecraft:cobbled_deepslate":195,"minecraft:iron_leggings":1,"minecraft:spider_spawn_egg":4,"minecraft:wheat_seeds":40,"minecraft:water_bucket":11,"minecraft:prismarine":1,"minecraft:oak_planks":25,"minecraft:stonecutter":1,"minecraft:diamond_axe":23,"minecraft:cobblestone_slab":725,"minecraft:oak_leaves":64,"minecraft:sand":2,"minecraft:oak_slab":110,"minecraft:creeper_spawn_egg":1,"minecraft:diamond_pickaxe":170,"minecraft:diamond_shovel":16,"minecraft:iron_pickaxe":23,"minecraft:melon_slice":2,"minecraft:deepslate":2,"minecraft:stone_axe":11,"minecraft:granite_slab":19,"minecraft:diamond_sword":111,"minecraft:cobblestone":735,"minecraft:cobbled_deepslate_slab":166,"minecraft:bucket":3,"minecraft:splash_potion":105,"minecraft:diorite_slab":6},"minecraft:killed":{"minecraft:vex":2,"minecraft:witch":1,"minecraft:endermite":1,"minecraft:spider":1,"minecraft:pufferfish":1,"born_in_chaos_v1:maggot":2,"john_mod_reborn:sprinting_john":1,"alexsmobs:cockroach":6},"minecraft:custom":{"minecraft:mob_kills":17,"minecraft:interact_with_crafting_table":21,"minecraft:leave_game":1,"minecraft:time_since_death":4665,"minecraft:sprint_one_cm":323516,"minecraft:walk_one_cm":288158,"minecraft:drop":9,"minecraft:talked_to_villager":13,"minecraft:play_time":136117,"minecraft:deaths":13,"minecraft:sneak_time":5146,"minecraft:walk_under_water_one_cm":12123,"minecraft:jump":1139,"minecraft:walk_on_water_one_cm":3338,"minecraft:total_world_time":136117,"minecraft:interact_with_furnace":20,"minecraft:traded_with_villager":5,"minecraft:time_since_rest":4692,"minecraft:damage_taken":4208,"minecraft:damage_dealt":1935,"minecraft:player_kills":1,"minecraft:fly_one_cm":571792,"minecraft:open_chest":232,"minecraft:crouch_one_cm":7919,"minecraft:fall_one_cm":12017}},"DataVersion":3120}