{"stats":{"minecraft:killed_by":{"minecraft:player":1,"minecraft:wolf":1,"john_mod_reborn:sprinting_john":5},"minecraft:crafted":{"minecraft:oak_planks":12,"minecraft:cobblestone_slab":6,"minecraft:furnace":3,"minecraft:diamond_shovel":1,"minecraft:white_carpet":3,"minecraft:iron_boots":1,"minecraft:diamond_sword":1,"minecraft:diamond_axe":1,"minecraft:iron_helmet":1,"minecraft:air":0,"minecraft:iron_chestplate":1,"minecraft:diamond_pickaxe":2,"minecraft:stick":24,"minecraft:iron_ingot":45,"minecraft:iron_leggings":1,"minecraft:diorite_slab":6,"minecraft:granite_slab":18,"minecraft:shears":1},"minecraft:picked_up":{"silentgear:rod_blueprint":1,"minecraft:iron_chestplate":2,"minecraft:wheat":78,"minecraft:splash_potion":1,"minecraft:clay_ball":24,"minecraft:prismarine_shard":3,"silentgear:spear_blueprint":1,"minecraft:diamond_sword":3,"silentgear:shield_blueprint":1,"silentgear:pickaxe_blueprint":1,"minecraft:dead_horn_coral_block":2,"minecraft:shield":3,"silentgear:sinew":1,"minecraft:string":6,"minecraft:dead_tube_coral_block":3,"minecraft:iron_leggings":2,"minecraft:white_carpet":3,"minecraft:sea_pickle":3,"minecraft:bubble_coral":2,"minecraft:cobblestone_slab":4,"minecraft:melon_slice":5,"minecraft:chest":9,"minecraft:iron_boots":3,"minecraft:egg":1,"minecraft:raw_iron":6,"minecraft:torch":4,"minecraft:porkchop":3,"minecraft:dried_kelp":1,"minecraft:music_disc_11":1,"minecraft:diorite":7,"minecraft:carrot":254,"minecraft:prismarine_crystals":21,"minecraft:arrow":2,"minecraft:tube_coral":4,"minecraft:rotten_flesh":15,"minecraft:tropical_fish":1,"silentgear:axe_blueprint":1,"silentgear:shovel_blueprint":1,"minecraft:white_wool":5,"silentgear:knife_blueprint":2,"minecraft:cobblestone":14,"minecraft:sponge":7,"minecraft:birch_log":3,"born_in_chaos_v1:corpse_maggot":4,"minecraft:salmon":2,"minecraft:andesite":2,"minecraft:flint":1,"savage_and_ravage:creeper_spores":18,"minecraft:oak_log":5,"minecraft:prismarine_bricks":41,"minecraft:gunpowder":9,"minecraft:horn_coral":1,"minecraft:dirt":196,"minecraft:bone":8,"minecraft:apple":2,"minecraft:kelp":4,"minecraft:wheat_seeds":188,"alexsmobs:cockroach_wing_fragment":3,"minecraft:raw_gold":5,"minecraft:bamboo":822,"croptopia:roe":4,"minecraft:prismarine":33,"minecraft:music_disc_chirp":2,"minecraft:gravel":4,"minecraft:dead_fire_coral_block":7,"minecraft:sand":33,"undead_unleashed:grave_metal_scrap":5,"minecraft:granite_slab":1,"minecraft:ink_sac":1,"minecraft:dark_oak_log":8,"alexsmobs:animal_dictionary":1,"minecraft:dark_prismarine":26,"minecraft:diamond_shovel":3,"minecraft:diamond":1,"minecraft:dead_bubble_coral_block":2,"minecraft:iron_helmet":3,"minecraft:dead_brain_coral_block":8,"minecraft:granite":1,"minecraft:diamond_axe":4,"minecraft:bone_meal":16,"born_in_chaos_v1:rotten_fish":18,"minecraft:melon_seeds":2,"minecraft:coal":4,"rottencreatures:magma_rotten_flesh":2,"minecraft:diamond_pickaxe":3},"minecraft:mined":{"minecraft:dark_prismarine":19,"minecraft:diamond_ore":1,"minecraft:dark_oak_log":4,"minecraft:sea_lantern":2,"minecraft:granite":1,"minecraft:bubble_coral_block":1,"minecraft:tube_coral_block":1,"minecraft:carrots":33,"minecraft:iron_ore":4,"minecraft:granite_slab":1,"minecraft:packed_ice":1,"minecraft:bamboo":92,"minecraft:stone":10,"minecraft:brain_coral_block":4,"minecraft:fire_coral_block":2,"minecraft:sponge":2,"minecraft:chest":3,"minecraft:prismarine":24,"minecraft:diorite":5,"minecraft:prismarine_bricks":16,"minecraft:birch_log":1,"minecraft:wheat":40,"minecraft:white_carpet":3,"minecraft:coal_ore":2,"minecraft:oak_log":2,"minecraft:dirt":30,"minecraft:sand":16,"minecraft:cobweb":6,"minecraft:gold_ore":2,"minecraft:oak_leaves":1,"minecraft:horn_coral_block":2},"minecraft:dropped":{"minecraft:wheat_seeds":1,"silentgear:knife_blueprint":1,"minecraft:iron_leggings":2,"minecraft:iron_boots":2,"minecraft:horn_coral_fan":1,"born_in_chaos_v1:corpse_maggot":2},"minecraft:used":{"minecraft:oak_trapdoor":82,"minecraft:oak_fence":14,"twilightforest:glass_sword":4,"minecraft:chest":11,"minecraft:zombie_spawn_egg":1,"minecraft:iron_chestplate":1,"minecraft:torch":20,"minecraft:dirt":32,"minecraft:skeleton_spawn_egg":1,"minecraft:white_carpet":6,"minecraft:hopper":6,"minecraft:carrot":52,"minecraft:lava_bucket":5,"minecraft:grass_block":62,"minecraft:spawner":4,"minecraft:iron_helmet":1,"minecraft:iron_boots":2,"minecraft:bamboo":79,"minecraft:bedrock":4,"minecraft:reinforced_deepslate":5,"minecraft:furnace":3,"minecraft:cobbled_deepslate":195,"minecraft:spider_spawn_egg":4,"minecraft:wheat_seeds":40,"minecraft:water_bucket":11,"minecraft:prismarine":1,"minecraft:oak_planks":25,"minecraft:stonecutter":1,"minecraft:diamond_axe":3,"minecraft:cobblestone_slab":725,"minecraft:oak_leaves":64,"minecraft:oak_slab":110,"minecraft:creeper_spawn_egg":1,"minecraft:diamond_pickaxe":98,"minecraft:diamond_shovel":7,"minecraft:deepslate":2,"minecraft:stone_axe":11,"minecraft:granite_slab":19,"minecraft:diamond_sword":108,"minecraft:cobblestone":735,"minecraft:cobbled_deepslate_slab":166,"minecraft:bucket":3,"minecraft:splash_potion":105,"minecraft:diorite_slab":6},"minecraft:killed":{"minecraft:spider":1,"minecraft:pufferfish":1,"born_in_chaos_v1:maggot":2,"john_mod_reborn:sprinting_john":1,"alexsmobs:cockroach":6},"minecraft:custom":{"minecraft:mob_kills":13,"minecraft:interact_with_crafting_table":16,"minecraft:leave_game":1,"minecraft:time_since_death":1576,"minecraft:sprint_one_cm":226089,"minecraft:walk_one_cm":226636,"minecraft:drop":8,"minecraft:talked_to_villager":1,"minecraft:play_time":112117,"minecraft:deaths":8,"minecraft:sneak_time":4488,"minecraft:walk_under_water_one_cm":11668,"minecraft:jump":841,"minecraft:walk_on_water_one_cm":2456,"minecraft:total_world_time":112117,"minecraft:interact_with_furnace":17,"minecraft:time_since_rest":1600,"minecraft:damage_taken":2567,"minecraft:damage_dealt":951,"minecraft:player_kills":1,"minecraft:fly_one_cm":511622,"minecraft:open_chest":158,"minecraft:crouch_one_cm":6708,"minecraft:fall_one_cm":8260}},"DataVersion":3120}