{"stats":{"minecraft:killed_by":{"minecraft:player":1,"minecraft:wolf":1},"minecraft:crafted":{"minecraft:cobblestone_slab":6,"minecraft:diamond_sword":1,"minecraft:diamond_axe":1,"minecraft:diamond_shovel":1,"minecraft:diamond_pickaxe":1,"minecraft:diorite_slab":6,"minecraft:granite_slab":18},"minecraft:picked_up":{"silentgear:rod_blueprint":1,"minecraft:birch_log":3,"born_in_chaos_v1:corpse_maggot":4,"minecraft:wheat":78,"minecraft:splash_potion":1,"minecraft:andesite":2,"minecraft:clay_ball":24,"minecraft:prismarine_shard":3,"minecraft:salmon":2,"silentgear:spear_blueprint":1,"minecraft:diamond_sword":1,"silentgear:shield_blueprint":1,"silentgear:pickaxe_blueprint":1,"minecraft:flint":1,"savage_and_ravage:creeper_spores":18,"minecraft:prismarine_bricks":41,"minecraft:oak_log":5,"minecraft:horn_coral":1,"minecraft:dead_horn_coral_block":2,"minecraft:shield":2,"minecraft:gunpowder":9,"minecraft:string":6,"silentgear:sinew":1,"minecraft:dirt":196,"minecraft:dead_tube_coral_block":3,"minecraft:bone":8,"minecraft:apple":2,"minecraft:kelp":4,"minecraft:sea_pickle":3,"minecraft:wheat_seeds":188,"minecraft:raw_gold":5,"alexsmobs:cockroach_wing_fragment":3,"minecraft:bubble_coral":2,"minecraft:cobblestone_slab":4,"minecraft:bamboo":6,"croptopia:roe":4,"minecraft:melon_slice":5,"minecraft:prismarine":33,"minecraft:chest":9,"minecraft:music_disc_chirp":2,"minecraft:raw_iron":6,"minecraft:torch":4,"minecraft:gravel":4,"minecraft:dried_kelp":1,"minecraft:dead_fire_coral_block":7,"minecraft:porkchop":3,"minecraft:sand":33,"minecraft:ink_sac":1,"undead_unleashed:grave_metal_scrap":5,"minecraft:granite_slab":1,"minecraft:music_disc_11":1,"minecraft:diorite":7,"minecraft:carrot":199,"minecraft:prismarine_crystals":21,"minecraft:dark_oak_log":8,"alexsmobs:animal_dictionary":1,"minecraft:diamond_shovel":1,"minecraft:dark_prismarine":26,"minecraft:tube_coral":4,"minecraft:arrow":2,"minecraft:rotten_flesh":15,"minecraft:diamond":1,"minecraft:tropical_fish":1,"minecraft:dead_bubble_coral_block":2,"silentgear:axe_blueprint":1,"minecraft:dead_brain_coral_block":8,"minecraft:diamond_axe":1,"minecraft:granite":1,"minecraft:bone_meal":16,"silentgear:shovel_blueprint":1,"minecraft:diamond_pickaxe":1,"born_in_chaos_v1:rotten_fish":18,"minecraft:sponge":7,"minecraft:melon_seeds":2,"minecraft:coal":4,"minecraft:cobblestone":14,"silentgear:knife_blueprint":2,"rottencreatures:magma_rotten_flesh":2},"minecraft:mined":{"minecraft:dark_prismarine":19,"minecraft:diamond_ore":1,"minecraft:dark_oak_log":4,"minecraft:sea_lantern":2,"minecraft:granite":1,"minecraft:sponge":2,"minecraft:chest":3,"minecraft:bubble_coral_block":1,"minecraft:prismarine":24,"minecraft:tube_coral_block":1,"minecraft:diorite":5,"minecraft:prismarine_bricks":16,"minecraft:carrots":33,"minecraft:birch_log":1,"minecraft:iron_ore":4,"minecraft:wheat":40,"minecraft:granite_slab":1,"minecraft:oak_log":2,"minecraft:coal_ore":2,"minecraft:sand":16,"minecraft:dirt":30,"minecraft:packed_ice":1,"minecraft:cobweb":6,"minecraft:stone":10,"minecraft:gold_ore":2,"minecraft:brain_coral_block":4,"minecraft:fire_coral_block":2,"minecraft:horn_coral_block":2},"minecraft:dropped":{"minecraft:wheat_seeds":1,"minecraft:iron_boots":1,"silentgear:knife_blueprint":1,"minecraft:horn_coral_fan":1,"born_in_chaos_v1:corpse_maggot":2,"minecraft:iron_leggings":1},"minecraft:used":{"minecraft:wheat_seeds":40,"minecraft:oak_fence":14,"minecraft:oak_trapdoor":82,"minecraft:water_bucket":11,"minecraft:prismarine":1,"minecraft:oak_planks":25,"twilightforest:glass_sword":4,"minecraft:chest":11,"minecraft:zombie_spawn_egg":1,"minecraft:diamond_axe":3,"minecraft:stonecutter":1,"minecraft:cobblestone_slab":725,"minecraft:oak_leaves":64,"minecraft:torch":20,"minecraft:dirt":32,"minecraft:skeleton_spawn_egg":1,"minecraft:oak_slab":110,"minecraft:hopper":6,"minecraft:carrot":43,"minecraft:creeper_spawn_egg":1,"minecraft:diamond_pickaxe":98,"minecraft:lava_bucket":5,"minecraft:diamond_shovel":7,"minecraft:grass_block":62,"minecraft:spawner":4,"minecraft:deepslate":2,"minecraft:granite_slab":19,"minecraft:stone_axe":11,"minecraft:bamboo":79,"minecraft:bedrock":4,"minecraft:reinforced_deepslate":5,"minecraft:diamond_sword":9,"minecraft:cobblestone":735,"minecraft:cobbled_deepslate_slab":166,"minecraft:bucket":3,"minecraft:cobbled_deepslate":195,"minecraft:diorite_slab":6,"minecraft:splash_potion":105,"minecraft:spider_spawn_egg":4},"minecraft:killed":{"minecraft:spider":1,"minecraft:pufferfish":1,"born_in_chaos_v1:maggot":2,"alexsmobs:cockroach":6},"minecraft:custom":{"minecraft:mob_kills":12,"minecraft:interact_with_crafting_table":9,"minecraft:leave_game":1,"minecraft:time_since_death":1216,"minecraft:time_since_rest":1239,"minecraft:sprint_one_cm":163634,"minecraft:damage_taken":941,"minecraft:walk_one_cm":202999,"minecraft:drop":6,"minecraft:damage_dealt":548,"minecraft:talked_to_villager":1,"minecraft:fly_one_cm":474806,"minecraft:player_kills":1,"minecraft:open_chest":107,"minecraft:crouch_one_cm":6688,"minecraft:play_time":100117,"minecraft:deaths":3,"minecraft:sneak_time":4478,"minecraft:walk_under_water_one_cm":5025,"minecraft:jump":641,"minecraft:walk_on_water_one_cm":2315,"minecraft:total_world_time":100117,"minecraft:fall_one_cm":5646}},"DataVersion":3120}