{"stats":{"minecraft:killed_by":{"minecraft:player":2,"minecraft:wolf":1,"enemyexpansion:equestrian":1,"minecraft:pufferfish":2,"undead_revamp2:therod":1,"minecraft:witch":1,"john_mod_reborn:sprinting_john":5,"minecraft:vex":3},"minecraft:crafted":{"minecraft:oak_planks":12,"minecraft:cobblestone_slab":6,"minecraft:pointed_dripstone":10,"minecraft:furnace":3,"minecraft:diamond_shovel":1,"minecraft:spruce_fence":15,"minecraft:white_carpet":3,"minecraft:iron_boots":3,"minecraft:iron_axe":3,"minecraft:diamond_sword":1,"minecraft:diamond_axe":1,"minecraft:spruce_planks":28,"minecraft:iron_helmet":3,"minecraft:iron_sword":2,"minecraft:air":0,"minecraft:iron_chestplate":3,"minecraft:diamond_pickaxe":2,"minecraft:shield":1,"minecraft:stick":77,"minecraft:iron_ingot":110,"minecraft:iron_pickaxe":3,"minecraft:stone_sword":1,"minecraft:iron_shovel":2,"minecraft:iron_leggings":3,"minecraft:acacia_planks":12,"minecraft:diorite_slab":6,"minecraft:granite_slab":18,"minecraft:shears":1},"minecraft:picked_up":{"silentgear:rod_blueprint":1,"minecraft:iron_chestplate":4,"minecraft:wheat":148,"minecraft:splash_potion":1,"silentgear:spear_blueprint":1,"minecraft:clay_ball":32,"minecraft:prismarine_shard":3,"minecraft:diamond_sword":4,"silentgear:shield_blueprint":1,"silentgear:pickaxe_blueprint":1,"minecraft:dead_horn_coral_block":2,"minecraft:shield":4,"silentgear:sinew":1,"minecraft:string":11,"minecraft:dead_tube_coral_block":3,"minecraft:iron_axe":2,"minecraft:iron_leggings":5,"minecraft:white_carpet":3,"minecraft:iron_shovel":4,"minecraft:sea_pickle":3,"minecraft:spruce_planks":1,"minecraft:bubble_coral":2,"minecraft:cobblestone_slab":4,"minecraft:iron_pickaxe":2,"minecraft:melon_slice":30,"minecraft:sugar_cane":2,"minecraft:chest":18,"minecraft:birch_sapling":1,"minecraft:iron_boots":4,"minecraft:egg":1,"minecraft:raw_iron":16,"minecraft:torch":7,"minecraft:acacia_log":5,"minecraft:porkchop":3,"minecraft:dried_kelp":1,"minecraft:music_disc_11":1,"minecraft:diorite":8,"minecraft:carrot":955,"minecraft:redstone":27,"minecraft:prismarine_crystals":21,"minecraft:tube_coral":4,"minecraft:arrow":2,"minecraft:rotten_flesh":16,"minecraft:tropical_fish":1,"silentgear:axe_blueprint":1,"minecraft:yellow_terracotta":6,"silentgear:shovel_blueprint":1,"supplementaries:ash":1,"minecraft:white_terracotta":2,"minecraft:white_wool":5,"silentgear:knife_blueprint":2,"minecraft:cobblestone":205,"minecraft:sponge":7,"minecraft:birch_log":4,"born_in_chaos_v1:corpse_maggot":4,"minecraft:feather":2,"minecraft:salmon":2,"minecraft:andesite":3,"minecraft:jungle_log":33,"minecraft:potato":1,"minecraft:flint":2,"savage_and_ravage:creeper_spores":18,"minecraft:oak_log":7,"minecraft:prismarine_bricks":42,"minecraft:gunpowder":9,"minecraft:horn_coral":1,"minecraft:lapis_lazuli":3,"minecraft:dirt":279,"minecraft:orange_terracotta":3,"minecraft:bone":8,"minecraft:acacia_planks":4,"minecraft:apple":4,"minecraft:kelp":4,"minecraft:wheat_seeds":335,"minecraft:raw_gold":13,"alexsmobs:cockroach_wing_fragment":3,"minecraft:iron_ingot":1,"minecraft:bamboo":1587,"croptopia:roe":4,"minecraft:prismarine":33,"minecraft:oak_planks":1,"minecraft:iron_sword":3,"minecraft:music_disc_chirp":2,"minecraft:pumpkin":1,"minecraft:brain_coral_fan":1,"minecraft:gravel":5,"minecraft:dead_fire_coral_block":7,"minecraft:sand":57,"undead_unleashed:grave_metal_scrap":5,"minecraft:granite_slab":1,"minecraft:ink_sac":1,"minecraft:red_terracotta":2,"minecraft:dark_oak_log":9,"alexsmobs:animal_dictionary":1,"minecraft:mossy_cobblestone":49,"minecraft:dark_prismarine":28,"minecraft:diamond_shovel":4,"minecraft:pumpkin_seeds":1,"minecraft:sugar":5,"minecraft:diamond":15,"minecraft:dead_bubble_coral_block":2,"minecraft:dead_brain_coral_block":8,"minecraft:iron_helmet":5,"minecraft:granite":1,"minecraft:diamond_axe":5,"minecraft:bone_meal":18,"minecraft:emerald":3,"minecraft:oak_sapling":1,"born_in_chaos_v1:rotten_fish":18,"minecraft:melon_seeds":2,"minecraft:coal":15,"minecraft:diamond_pickaxe":4,"rottencreatures:magma_rotten_flesh":2},"minecraft:mined":{"minecraft:dark_prismarine":19,"minecraft:diamond_ore":2,"minecraft:oak_sapling":1,"minecraft:mossy_cobblestone":3,"minecraft:dark_oak_log":5,"minecraft:sea_lantern":2,"minecraft:granite":1,"minecraft:acacia_log":8,"minecraft:grass_block":26,"minecraft:jungle_log":29,"minecraft:bubble_coral_block":1,"minecraft:moss_block":1,"minecraft:tube_coral_block":1,"minecraft:redstone_ore":5,"minecraft:carrots":50,"minecraft:iron_ore":8,"minecraft:andesite":1,"minecraft:pumpkin":1,"minecraft:granite_slab":1,"minecraft:packed_ice":2,"minecraft:bamboo":195,"minecraft:stone":11,"minecraft:brain_coral_block":4,"minecraft:fire_coral_block":2,"minecraft:torch":2,"minecraft:sponge":2,"minecraft:melon":5,"minecraft:chest":12,"minecraft:cobblestone":109,"minecraft:prismarine":24,"minecraft:oak_planks":3,"minecraft:diorite":6,"minecraft:prismarine_bricks":17,"minecraft:birch_log":1,"minecraft:wheat":40,"minecraft:birch_leaves":1,"minecraft:white_carpet":3,"minecraft:grass":1,"minecraft:oak_log":4,"minecraft:coal_ore":9,"minecraft:gravel":2,"minecraft:sand":16,"minecraft:dirt":32,"minecraft:cobweb":12,"minecraft:terracotta":3,"minecraft:gold_ore":6,"minecraft:oak_leaves":1,"minecraft:horn_coral_block":2},"minecraft:dropped":{"minecraft:wheat_seeds":2,"minecraft:mossy_cobblestone":2,"silentgear:knife_blueprint":1,"minecraft:iron_leggings":2,"minecraft:iron_boots":2,"minecraft:endermite_spawn_egg":1,"minecraft:horn_coral_fan":1,"born_in_chaos_v1:corpse_maggot":2},"minecraft:used":{"minecraft:moss_block":21,"minecraft:oak_fence":14,"minecraft:oak_trapdoor":82,"minecraft:stone_sword":67,"minecraft:iron_shovel":14,"twilightforest:glass_sword":4,"minecraft:chest":11,"minecraft:iron_sword":94,"minecraft:zombie_spawn_egg":1,"minecraft:torch":20,"minecraft:iron_chestplate":3,"minecraft:dirt":38,"minecraft:skeleton_spawn_egg":1,"minecraft:white_carpet":6,"minecraft:hopper":6,"minecraft:carrot":224,"minecraft:spruce_fence":12,"minecraft:lava_bucket":5,"minecraft:iron_axe":45,"minecraft:grass_block":62,"minecraft:spawner":4,"minecraft:iron_helmet":2,"minecraft:iron_boots":3,"minecraft:bamboo":84,"minecraft:bedrock":4,"minecraft:reinforced_deepslate":5,"minecraft:furnace":3,"minecraft:acacia_planks":8,"minecraft:cobbled_deepslate":195,"minecraft:iron_leggings":1,"minecraft:spider_spawn_egg":4,"minecraft:wheat_seeds":40,"minecraft:water_bucket":11,"minecraft:prismarine":1,"minecraft:oak_planks":26,"minecraft:diamond_axe":23,"minecraft:cobblestone_slab":725,"minecraft:stonecutter":1,"minecraft:oak_leaves":64,"minecraft:mossy_cobblestone":1,"minecraft:sand":2,"minecraft:oak_slab":110,"minecraft:creeper_spawn_egg":1,"minecraft:diamond_pickaxe":170,"minecraft:diamond_shovel":16,"minecraft:iron_pickaxe":74,"minecraft:melon_slice":2,"minecraft:deepslate":2,"minecraft:stone_axe":11,"minecraft:granite_slab":19,"minecraft:diamond_sword":111,"minecraft:cobblestone":737,"minecraft:cobbled_deepslate_slab":166,"minecraft:bucket":3,"minecraft:splash_potion":105,"minecraft:diorite_slab":6},"minecraft:broken":{"minecraft:stone_sword":1},"minecraft:killed":{"minecraft:vex":2,"minecraft:witch":1,"minecraft:vindicator":1,"minecraft:endermite":1,"minecraft:spider":1,"minecraft:pufferfish":1,"born_in_chaos_v1:maggot":2,"john_mod_reborn:sprinting_john":1,"undead_revamp2:sucker":1,"undead_revamp2:crackleball":1,"minecraft:parrot":1,"alexsmobs:cockroach":6,"enemyexpansion:botfly":1},"minecraft:custom":{"minecraft:mob_kills":22,"minecraft:interact_with_crafting_table":33,"minecraft:damage_dealt_resisted":15,"minecraft:leave_game":2,"minecraft:time_since_death":12010,"minecraft:sprint_one_cm":516623,"minecraft:walk_one_cm":381132,"minecraft:drop":12,"minecraft:damage_dealt_absorbed":40,"minecraft:talked_to_villager":20,"minecraft:play_time":171071,"minecraft:deaths":19,"minecraft:sneak_time":6090,"minecraft:walk_under_water_one_cm":16389,"minecraft:jump":1577,"minecraft:walk_on_water_one_cm":3917,"minecraft:total_world_time":171071,"minecraft:interact_with_furnace":47,"minecraft:traded_with_villager":5,"minecraft:time_since_rest":12033,"minecraft:damage_taken":6426,"minecraft:damage_dealt":2967,"minecraft:player_kills":2,"minecraft:fly_one_cm":660639,"minecraft:open_chest":298,"minecraft:crouch_one_cm":9933,"minecraft:fall_one_cm":14952,"minecraft:horse_one_cm":977}},"DataVersion":3120}