{"stats":{"minecraft:killed_by":{"minecraft:wolf":1},"minecraft:crafted":{"minecraft:diamond_sword":1,"minecraft:diamond_pickaxe":1},"minecraft:picked_up":{"silentgear:rod_blueprint":1,"minecraft:birch_log":1,"born_in_chaos_v1:corpse_maggot":4,"minecraft:wheat":78,"minecraft:splash_potion":1,"minecraft:clay_ball":8,"minecraft:salmon":1,"silentgear:spear_blueprint":1,"silentgear:shield_blueprint":1,"silentgear:pickaxe_blueprint":1,"savage_and_ravage:creeper_spores":18,"minecraft:oak_log":3,"minecraft:gunpowder":9,"minecraft:string":4,"silentgear:sinew":1,"minecraft:dirt":191,"minecraft:bone":8,"minecraft:apple":2,"minecraft:wheat_seeds":188,"minecraft:raw_gold":1,"alexsmobs:cockroach_wing_fragment":3,"minecraft:cobblestone_slab":4,"minecraft:bamboo":6,"croptopia:roe":1,"minecraft:melon_slice":5,"minecraft:prismarine":1,"minecraft:chest":2,"minecraft:music_disc_chirp":2,"minecraft:torch":4,"minecraft:porkchop":3,"minecraft:sand":9,"undead_unleashed:grave_metal_scrap":5,"minecraft:music_disc_11":1,"minecraft:carrot":189,"alexsmobs:animal_dictionary":1,"minecraft:arrow":2,"minecraft:rotten_flesh":7,"silentgear:axe_blueprint":1,"minecraft:bone_meal":16,"silentgear:shovel_blueprint":1,"born_in_chaos_v1:rotten_fish":18,"minecraft:melon_seeds":2,"silentgear:knife_blueprint":2,"rottencreatures:magma_rotten_flesh":2},"minecraft:mined":{"minecraft:dark_oak_log":1,"minecraft:carrots":33,"minecraft:wheat":40,"minecraft:sand":9,"minecraft:dirt":30,"minecraft:cobweb":4},"minecraft:dropped":{"minecraft:wheat_seeds":1,"minecraft:iron_boots":1,"silentgear:knife_blueprint":1,"born_in_chaos_v1:corpse_maggot":2,"minecraft:iron_leggings":1},"minecraft:used":{"minecraft:wheat_seeds":40,"minecraft:oak_fence":14,"minecraft:oak_trapdoor":82,"minecraft:water_bucket":11,"minecraft:prismarine":1,"minecraft:oak_planks":25,"twilightforest:glass_sword":4,"minecraft:chest":11,"minecraft:zombie_spawn_egg":1,"minecraft:stonecutter":1,"minecraft:cobblestone_slab":719,"minecraft:oak_leaves":64,"minecraft:torch":20,"minecraft:dirt":32,"minecraft:skeleton_spawn_egg":1,"minecraft:oak_slab":110,"minecraft:hopper":6,"minecraft:carrot":43,"minecraft:creeper_spawn_egg":1,"minecraft:lava_bucket":5,"minecraft:grass_block":62,"minecraft:spawner":4,"minecraft:deepslate":2,"minecraft:stone_axe":2,"minecraft:bamboo":79,"minecraft:bedrock":4,"minecraft:reinforced_deepslate":5,"minecraft:diamond_sword":4,"minecraft:cobblestone":735,"minecraft:cobbled_deepslate_slab":166,"minecraft:bucket":3,"minecraft:cobbled_deepslate":195,"minecraft:splash_potion":105,"minecraft:spider_spawn_egg":4},"minecraft:killed":{"minecraft:spider":1,"born_in_chaos_v1:maggot":2,"alexsmobs:cockroach":6},"minecraft:custom":{"minecraft:mob_kills":11,"minecraft:interact_with_crafting_table":3,"minecraft:leave_game":1,"minecraft:time_since_death":2823,"minecraft:time_since_rest":2869,"minecraft:sprint_one_cm":112163,"minecraft:damage_taken":708,"minecraft:walk_one_cm":186241,"minecraft:drop":5,"minecraft:damage_dealt":418,"minecraft:fly_one_cm":437943,"minecraft:player_kills":1,"minecraft:open_chest":76,"minecraft:crouch_one_cm":5632,"minecraft:play_time":88117,"minecraft:deaths":2,"minecraft:sneak_time":3716,"minecraft:walk_under_water_one_cm":5025,"minecraft:jump":505,"minecraft:walk_on_water_one_cm":2101,"minecraft:total_world_time":88117,"minecraft:fall_one_cm":5228}},"DataVersion":3120}