{"stats":{"minecraft:picked_up":{"silentgear:rod_blueprint":1,"minecraft:birch_log":1,"born_in_chaos_v1:corpse_maggot":4,"minecraft:splash_potion":1,"minecraft:clay_ball":8,"silentgear:spear_blueprint":1,"minecraft:torch":4,"silentgear:shield_blueprint":1,"silentgear:pickaxe_blueprint":1,"minecraft:porkchop":3,"savage_and_ravage:creeper_spores":18,"minecraft:oak_log":3,"undead_unleashed:grave_metal_scrap":5,"minecraft:music_disc_11":1,"minecraft:gunpowder":9,"minecraft:dirt":29,"silentgear:sinew":1,"alexsmobs:animal_dictionary":1,"minecraft:bone":8,"minecraft:arrow":2,"minecraft:rotten_flesh":7,"minecraft:apple":2,"minecraft:wheat_seeds":4,"alexsmobs:cockroach_wing_fragment":3,"silentgear:axe_blueprint":1,"minecraft:bone_meal":16,"silentgear:shovel_blueprint":1,"minecraft:cobblestone_slab":4,"minecraft:bamboo":6,"born_in_chaos_v1:rotten_fish":18,"minecraft:melon_slice":5,"minecraft:melon_seeds":2,"minecraft:chest":2,"silentgear:knife_blueprint":2,"minecraft:music_disc_chirp":2,"rottencreatures:magma_rotten_flesh":2},"minecraft:dropped":{"minecraft:wheat_seeds":1,"born_in_chaos_v1:corpse_maggot":2,"silentgear:knife_blueprint":1},"minecraft:used":{"minecraft:oak_trapdoor":82,"minecraft:oak_fence":14,"minecraft:water_bucket":11,"minecraft:lava_bucket":5,"minecraft:grass_block":62,"minecraft:oak_planks":25,"minecraft:spawner":4,"twilightforest:glass_sword":4,"minecraft:chest":11,"minecraft:zombie_spawn_egg":1,"minecraft:cobblestone_slab":719,"minecraft:deepslate":2,"minecraft:stonecutter":1,"minecraft:oak_leaves":64,"minecraft:bamboo":79,"minecraft:bedrock":4,"minecraft:torch":20,"minecraft:reinforced_deepslate":5,"minecraft:cobblestone":735,"minecraft:skeleton_spawn_egg":1,"minecraft:cobbled_deepslate_slab":166,"minecraft:oak_slab":110,"minecraft:hopper":6,"minecraft:bucket":3,"minecraft:cobbled_deepslate":195,"minecraft:splash_potion":105,"minecraft:creeper_spawn_egg":1,"minecraft:spider_spawn_egg":4},"minecraft:killed":{"alexsmobs:cockroach":6,"minecraft:spider":1,"born_in_chaos_v1:maggot":2},"minecraft:custom":{"minecraft:time_since_rest":75937,"minecraft:sprint_one_cm":66419,"minecraft:damage_taken":438,"minecraft:walk_one_cm":154131,"minecraft:mob_kills":11,"minecraft:drop":3,"minecraft:damage_dealt":414,"minecraft:interact_with_crafting_table":2,"minecraft:fly_one_cm":382746,"minecraft:player_kills":1,"minecraft:open_chest":31,"minecraft:crouch_one_cm":4359,"minecraft:play_time":76117,"minecraft:deaths":1,"minecraft:sneak_time":3134,"minecraft:jump":321,"minecraft:leave_game":1,"minecraft:time_since_death":75912,"minecraft:walk_on_water_one_cm":1741,"minecraft:total_world_time":76117,"minecraft:fall_one_cm":4392}},"DataVersion":3120}