{"stats":{"minecraft:killed_by":{"enemyexpansion:sprinter":1,"undead_revamp2:sucker":8,"undead_revamp2:the_moonflower":4,"minecraft:skeleton":1,"tinyskeletons:baby_skeleton":1,"john_mod_reborn:weeping_john":3,"minecraft:witch":3,"minecraft:zombie":4,"born_in_chaos_v1:corpse_fish":2,"enemyexpansion:equestrian":3,"john_mod_reborn:feral_baby_john_2":1,"undead_revamp2:thesmoker":1,"born_in_chaos_v1:maggot":2},"minecraft:crafted":{"minecraft:golden_carrot":13,"minecraft:oak_planks":48,"minecraft:cobblestone_slab":6,"minecraft:stone_shovel":1,"minecraft:crafting_table":2,"minecraft:iron_helmet":1,"minecraft:birch_planks":4,"minecraft:stone_axe":2,"minecraft:white_carpet":3,"minecraft:oak_boat":7,"minecraft:iron_chestplate":1,"minecraft:iron_boots":1,"minecraft:gold_nugget":108,"minecraft:stick":12,"minecraft:andesite_slab":12,"minecraft:stone_pickaxe":1,"minecraft:stone_sword":1,"minecraft:iron_leggings":1},"minecraft:picked_up":{"minecraft:birch_log":2,"minecraft:mud":396,"born_in_chaos_v1:corpse_maggot":4,"minecraft:iron_chestplate":5,"minecraft:feather":3,"minecraft:chicken":4,"minecraft:golden_carrot":75,"minecraft:water_bucket":2,"minecraft:leather":3,"minecraft:brown_mushroom":1,"minecraft:diamond_sword":6,"silentgear:blueprint_package":1,"minecraft:flint":1,"minecraft:oak_log":42,"minecraft:shield":1,"minecraft:gunpowder":6,"silentgear:sinew":1,"minecraft:string":2,"minecraft:dirt":72,"minecraft:iron_axe":3,"minecraft:iron_leggings":3,"minecraft:white_carpet":3,"minecraft:bone":2,"minecraft:gold_nugget":4,"minecraft:wheat_seeds":6,"minecraft:beef":9,"minecraft:iron_ingot":120,"minecraft:oak_boat":10,"minecraft:cobblestone_slab":8,"minecraft:glowstone_dust":4,"minecraft:glass_bottle":7,"minecraft:iron_pickaxe":2,"minecraft:chest":10,"minecraft:oak_planks":15,"minecraft:iron_sword":11,"minecraft:iron_boots":3,"minecraft:egg":2,"minecraft:stick":1,"minecraft:raw_iron":1,"minecraft:torch":17,"minecraft:gravel":18,"minecraft:redstone":5,"minecraft:carrot":471,"minecraft:spider_eye":10,"minecraft:sugar":2,"minecraft:arrow":2,"minecraft:rotten_flesh":38,"minecraft:iron_helmet":5,"minecraft:gold_ingot":48,"born_in_chaos_v1:rotten_fish":9,"supplementaries:ash":1,"minecraft:oak_sapling":4,"minecraft:melon_seeds":9,"minecraft:andesite_slab":60,"minecraft:oak_leaves":1,"minecraft:white_wool":2,"minecraft:cobblestone":68},"minecraft:mined":{"minecraft:torch":1,"minecraft:grass_block":24,"minecraft:chest":5,"minecraft:mud":9,"minecraft:carrots":1,"minecraft:fire":17,"minecraft:grass":1,"minecraft:oak_log":24,"minecraft:gravel":6,"minecraft:oak_leaves":2},"minecraft:dropped":{"minecraft:oak_slab":1,"minecraft:feather":1,"minecraft:chicken":3,"minecraft:rotten_flesh":1,"minecraft:grass_block":1,"silentgear:blueprint_package":2,"minecraft:cobblestone_slab":1,"minecraft:torch":1,"minecraft:melon_seeds":1,"silentgear:dried_sinew":1,"minecraft:oak_leaves":1,"minecraft:splash_potion":3},"minecraft:used":{"minecraft:oak_trapdoor":39,"minecraft:water_bucket":4,"minecraft:cobblestone_stairs":25,"quark:cobblestone_bricks":125,"minecraft:polished_andesite":141,"minecraft:oak_planks":197,"minecraft:diamond_hoe":96,"minecraft:chest":23,"minecraft:shield":16,"minecraft:stone":1,"minecraft:iron_sword":16,"minecraft:cobblestone_slab":103,"minecraft:wooden_shovel":26,"minecraft:oak_leaves":2,"minecraft:iron_chestplate":3,"minecraft:torch":102,"minecraft:dirt":141,"minecraft:oak_slab":49,"minecraft:crafting_table":4,"minecraft:carrot":188,"minecraft:mud":22,"quark:cobblestone_bricks_wall":72,"minecraft:iron_axe":21,"minecraft:grass_block":67,"quark:cobblestone_bricks_stairs":2,"minecraft:iron_helmet":4,"minecraft:iron_boots":4,"minecraft:melon_seeds":4,"minecraft:bamboo":25,"minecraft:stone_axe":14,"minecraft:diamond_sword":30,"minecraft:golden_carrot":1,"minecraft:cobblestone":426,"minecraft:cobbled_deepslate_slab":29,"minecraft:oak_sapling":11,"minecraft:furnace":2,"minecraft:oak_boat":6,"minecraft:cobbled_deepslate":101,"minecraft:iron_leggings":4,"minecraft:splash_potion":147},"minecraft:killed":{"rottencreatures:burned":1,"minecraft:spider":2,"undead_revamp2:bomber":1,"minecraft:creeper":5,"born_in_chaos_v1:maggot":4,"minecraft:skeleton":8,"tinyskeletons:baby_skeleton":1,"minecraft:zombie":7,"enemyexpansion:botfly":1,"born_in_chaos_v1:corpse_fish":1,"undead_revamp2:sucker":1},"minecraft:custom":{"minecraft:mob_kills":36,"minecraft:interact_with_crafting_table":14,"minecraft:damage_dealt_resisted":5,"minecraft:leave_game":5,"minecraft:time_since_death":4555,"minecraft:damage_resisted":30,"minecraft:time_since_rest":4581,"minecraft:sprint_one_cm":290696,"minecraft:damage_taken":11778,"minecraft:walk_one_cm":267509,"minecraft:damage_blocked_by_shield":120,"minecraft:drop":16,"minecraft:damage_dealt":3194,"minecraft:damage_dealt_absorbed":22,"minecraft:fly_one_cm":1065528,"minecraft:open_chest":163,"minecraft:crouch_one_cm":4261,"minecraft:play_time":141625,"minecraft:deaths":43,"minecraft:sneak_time":2876,"minecraft:walk_under_water_one_cm":9467,"minecraft:jump":1135,"minecraft:walk_on_water_one_cm":2499,"minecraft:total_world_time":141625,"minecraft:fall_one_cm":33870}},"DataVersion":3120}