{"stats":{"minecraft:killed_by":{"undead_revamp2:sucker":14,"undead_revamp2:the_moonflower":10,"minecraft:creeper":4,"john_mod_reborn:feral_baby_john_2":1,"minecraft:vindicator":1,"enemyexpansion:sprinter":1,"undead_revamp2:bomber":1,"john_mod_reborn:weeping_john":3,"minecraft:witch":3,"minecraft:zombie":6,"undead_revamp2:thesmoker":1,"john_mod_reborn:hugging_john":1,"minecraft:elder_guardian":1,"minecraft:wolf":1,"minecraft:spider":1,"enemyexpansion:equestrian":3,"undead_revamp2:thespitter":1,"minecraft:skeleton":6,"tinyskeletons:baby_skeleton":2,"born_in_chaos_v1:corpse_fish":2,"born_in_chaos_v1:maggot":3},"minecraft:crafted":{"minecraft:brick":64,"minecraft:oak_planks":128,"minecraft:cobblestone_slab":6,"minecraft:iron_boots":1,"minecraft:bricks":16,"minecraft:wooden_shovel":1,"minecraft:crafting_table":2,"minecraft:iron_helmet":1,"minecraft:birch_planks":4,"minecraft:iron_chestplate":1,"minecraft:charcoal":53,"minecraft:stick":76,"minecraft:iron_ingot":44,"minecraft:iron_pickaxe":5,"minecraft:stone_sword":2,"minecraft:snow_block":31,"minecraft:golden_carrot":13,"minecraft:wooden_sword":1,"minecraft:stone_shovel":1,"minecraft:white_carpet":3,"minecraft:iron_axe":2,"minecraft:stone_pickaxe":1,"minecraft:iron_sword":1,"minecraft:stone_axe":2,"minecraft:air":0,"minecraft:oak_boat":7,"minecraft:cobblestone":1,"minecraft:gold_nugget":108,"minecraft:andesite_slab":12,"minecraft:iron_shovel":2,"minecraft:iron_leggings":1,"minecraft:torch":76},"minecraft:picked_up":{"minecraft:iron_chestplate":5,"minecraft:wheat":3,"minecraft:diamond_sword":6,"minecraft:cod_bucket":1,"silentgear:sinew":1,"minecraft:music_disc_cat":1,"minecraft:string":31,"minecraft:dead_tube_coral_block":5,"minecraft:iron_leggings":4,"minecraft:pufferfish":2,"minecraft:diamond_leggings":1,"minecraft:red_sand":1,"minecraft:gold_nugget":4,"minecraft:cobblestone_slab":12,"minecraft:wooden_shovel":2,"minecraft:iron_pickaxe":18,"minecraft:iron_boots":4,"minecraft:tipped_arrow":4,"minecraft:stick":101,"minecraft:torch":28,"minecraft:acacia_log":7,"minecraft:snow_block":31,"minecraft:diorite":37,"minecraft:rabbit_foot":6,"minecraft:stone_sword":6,"minecraft:cactus":3,"minecraft:horn_coral_fan":1,"minecraft:rotten_flesh":249,"minecraft:tropical_fish":1,"minecraft:salmon_bucket":1,"minecraft:white_terracotta":6,"supplementaries:ash":11,"minecraft:snowball":194,"minecraft:cod":5,"minecraft:cobblestone":233,"minecraft:sponge":9,"minecraft:birch_log":19,"minecraft:feather":14,"minecraft:andesite":28,"minecraft:water_bucket":5,"minecraft:jungle_log":35,"minecraft:flint":8,"minecraft:prismarine_bricks":23,"minecraft:lapis_lazuli":19,"minecraft:dirt":310,"minecraft:bone":155,"minecraft:wheat_seeds":6,"minecraft:raw_gold":9,"minecraft:glowstone_dust":18,"croptopia:roe":2,"minecraft:moss_block":76,"minecraft:prismarine":25,"minecraft:oak_planks":92,"minecraft:sand":89,"minecraft:dead_bush":4,"minecraft:dark_oak_log":12,"minecraft:red_terracotta":5,"minecraft:mossy_cobblestone":11,"minecraft:dark_prismarine":40,"minecraft:light_gray_terracotta":14,"minecraft:sugar":10,"minecraft:diamond":13,"minecraft:writable_book":1,"minecraft:dead_brain_coral_block":7,"minecraft:granite":29,"minecraft:bone_meal":139,"minecraft:bread":1,"minecraft:emerald":2,"minecraft:oak_sapling":11,"born_in_chaos_v1:rotten_fish":603,"minecraft:bricks":9,"minecraft:andesite_slab":60,"minecraft:oak_leaves":1,"minecraft:mud":511,"minecraft:charcoal":11,"minecraft:chicken":8,"minecraft:clay_ball":48,"minecraft:brown_mushroom":1,"minecraft:wooden_pickaxe":3,"minecraft:dead_horn_coral_block":11,"minecraft:shield":1,"minecraft:brick":6,"minecraft:iron_axe":12,"minecraft:wooden_sword":6,"minecraft:white_carpet":3,"minecraft:iron_shovel":4,"improvableskills:scroll_normal":2,"minecraft:beef":9,"minecraft:oak_boat":14,"minecraft:chest":27,"minecraft:egg":26,"minecraft:dark_oak_sapling":8,"minecraft:raw_iron":41,"minecraft:sandstone":23,"minecraft:copper_ingot":2,"minecraft:music_disc_mellohi":7,"minecraft:carrot":1295,"minecraft:redstone":69,"minecraft:prismarine_crystals":22,"minecraft:stone_shovel":6,"minecraft:arrow":59,"minecraft:yellow_terracotta":10,"minecraft:gold_ingot":48,"minecraft:white_wool":2,"born_in_chaos_v1:corpse_maggot":6,"minecraft:golden_carrot":99,"minecraft:leather":3,"minecraft:ice":4,"silentgear:blueprint_package":1,"savage_and_ravage:creeper_spores":51,"minecraft:oak_log":141,"minecraft:gunpowder":122,"minecraft:paper":2,"minecraft:orange_terracotta":3,"minecraft:red_sandstone":4,"minecraft:music_disc_far":1,"minecraft:iron_ingot":140,"minecraft:stone_pickaxe":8,"minecraft:glass_bottle":25,"minecraft:iron_sword":15,"minecraft:acacia_sapling":1,"minecraft:gravel":48,"minecraft:dead_fire_coral_block":7,"undead_unleashed:grave_metal_scrap":34,"minecraft:spruce_sapling":1,"minecraft:spruce_log":35,"minecraft:spider_eye":27,"minecraft:slime_ball":7,"minecraft:stone_axe":13,"minecraft:dead_bubble_coral_block":3,"minecraft:iron_helmet":11,"minecraft:terracotta":10,"minecraft:melon_seeds":9,"minecraft:coal":39,"minecraft:hopper":1},"minecraft:mined":{"minecraft:granite":47,"minecraft:red_sand":19,"minecraft:acacia_log":5,"minecraft:grass_block":127,"minecraft:jungle_log":39,"minecraft:bubble_coral_block":8,"minecraft:tube_coral_block":10,"minecraft:hopper":1,"minecraft:iron_ore":57,"minecraft:fire":22,"minecraft:pumpkin":5,"minecraft:brain_coral_block":10,"minecraft:orange_terracotta":3,"minecraft:clay":5,"minecraft:torch":3,"minecraft:light_gray_terracotta":14,"minecraft:melon":8,"minecraft:chest":35,"minecraft:cobblestone":85,"minecraft:prismarine":70,"minecraft:oak_planks":2,"minecraft:bricks":1,"minecraft:white_terracotta":5,"minecraft:mud":12,"minecraft:birch_log":35,"minecraft:grass":1,"minecraft:oak_log":84,"minecraft:sand":48,"minecraft:dirt":21,"minecraft:oak_leaves":5,"minecraft:horn_coral_block":10,"minecraft:yellow_terracotta":10,"minecraft:dark_prismarine":39,"minecraft:diamond_ore":4,"minecraft:mossy_cobblestone":32,"minecraft:dark_oak_log":22,"minecraft:sea_lantern":12,"minecraft:moss_block":11,"minecraft:sandstone":20,"minecraft:redstone_ore":12,"minecraft:carrots":1,"minecraft:red_sandstone":13,"minecraft:andesite":45,"minecraft:dead_horn_coral_block":3,"minecraft:cobblestone_slab":6,"minecraft:packed_ice":25,"minecraft:stone":223,"minecraft:fire_coral_block":11,"minecraft:snow_block":38,"minecraft:emerald_ore":5,"minecraft:sponge":7,"minecraft:lapis_ore":4,"minecraft:diorite":54,"minecraft:prismarine_bricks":44,"minecraft:red_terracotta":8,"minecraft:spruce_log":38,"minecraft:coal_ore":56,"minecraft:gravel":40,"minecraft:cobweb":4,"minecraft:terracotta":10,"minecraft:gold_ore":16},"minecraft:dropped":{"minecraft:iron_sword":3,"minecraft:oak_log":21,"silentgear:blueprint_package":2,"minecraft:bone_meal":2,"minecraft:iron_pickaxe":1,"minecraft:bone":2,"minecraft:rotten_flesh":5,"minecraft:oak_planks":1,"minecraft:carrot":141,"minecraft:melon_seeds":1,"silentgear:dried_sinew":1,"minecraft:oak_leaves":1,"minecraft:splash_potion":3,"minecraft:oak_slab":1,"minecraft:diamond_leggings":1,"minecraft:feather":1,"minecraft:iron_helmet":1,"minecraft:cobblestone":8,"minecraft:copper_ingot":2,"minecraft:grass_block":1,"minecraft:diorite":1,"minecraft:torch":1,"minecraft:iron_leggings":1,"minecraft:iron_axe":1,"minecraft:string":4,"minecraft:chicken":3,"minecraft:iron_boots":1,"minecraft:cobblestone_slab":5,"minecraft:stone_pickaxe":1},"minecraft:used":{"minecraft:moss_block":57,"minecraft:writable_book":1,"minecraft:iron_shovel":158,"minecraft:diamond_hoe":96,"minecraft:chest":25,"minecraft:shield":16,"minecraft:stone":1,"minecraft:iron_sword":22,"minecraft:iron_chestplate":3,"minecraft:carrot":307,"minecraft:bricks":12,"minecraft:grass_block":67,"minecraft:birch_sapling":1,"minecraft:iron_helmet":5,"minecraft:furnace":2,"minecraft:oak_sapling":11,"minecraft:egg":6,"minecraft:prismarine":1,"minecraft:oak_planks":198,"minecraft:oak_leaves":2,"minecraft:light_gray_terracotta":1,"quark:cobblestone_bricks_wall":72,"minecraft:bread":1,"minecraft:melon_slice":5,"quark:cobblestone_bricks_stairs":2,"minecraft:diamond_sword":30,"minecraft:wooden_sword":12,"minecraft:oak_boat":8,"minecraft:oak_trapdoor":39,"minecraft:stone_sword":18,"minecraft:stone_shovel":28,"minecraft:wooden_shovel":73,"minecraft:torch":145,"minecraft:dirt":163,"minecraft:iron_axe":341,"minecraft:iron_boots":4,"minecraft:melon_seeds":4,"undead_revamp2:huntereye":1,"minecraft:bamboo":25,"minecraft:golden_carrot":1,"minecraft:cobbled_deepslate":101,"minecraft:iron_leggings":4,"minecraft:water_bucket":4,"minecraft:cobblestone_stairs":25,"quark:cobblestone_bricks":125,"minecraft:polished_andesite":141,"minecraft:cobblestone_slab":103,"minecraft:oak_slab":49,"minecraft:crafting_table":4,"minecraft:mud":58,"minecraft:dark_prismarine":1,"minecraft:iron_pickaxe":1021,"minecraft:stone_axe":40,"minecraft:cobblestone":465,"minecraft:cobbled_deepslate_slab":29,"minecraft:splash_potion":147},"minecraft:broken":{"minecraft:iron_pickaxe":2},"minecraft:killed":{"rottencreatures:burned":1,"minecraft:spider":8,"minecraft:pufferfish":1,"minecraft:skeleton":11,"undead_revamp2:therod":1,"undead_revamp2:thespitter":1,"minecraft:creeper":6,"tinyskeletons:baby_skeleton":1,"minecraft:zombie":16,"enemyexpansion:botfly":1,"minecraft:stray":3,"undead_unleashed:haunter":1,"undead_revamp2:bomber":1,"born_in_chaos_v1:maggot":5,"minecraft:drowned":1,"born_in_chaos_v1:corpse_fish":1,"undead_revamp2:sucker":2,"minecraft:husk":3,"undead_revamp2:the_moonflower":4,"minecraft:squid":1},"minecraft:custom":{"minecraft:animals_bred":14,"minecraft:interact_with_crafting_table":36,"minecraft:leave_game":12,"minecraft:time_since_death":16055,"minecraft:damage_resisted":30,"minecraft:sprint_one_cm":770042,"minecraft:damage_blocked_by_shield":120,"minecraft:drop":42,"minecraft:talked_to_villager":25,"minecraft:play_time":288240,"minecraft:deaths":81,"minecraft:jump":3340,"minecraft:walk_on_water_one_cm":4169,"minecraft:interact_with_furnace":41,"minecraft:damage_dealt":9983,"minecraft:crouch_one_cm":13089,"minecraft:horse_one_cm":6685,"minecraft:mob_kills":76,"minecraft:damage_dealt_resisted":447,"minecraft:walk_one_cm":694076,"minecraft:damage_dealt_absorbed":27,"minecraft:sneak_time":6854,"minecraft:walk_under_water_one_cm":23104,"minecraft:boat_one_cm":288,"minecraft:total_world_time":288240,"minecraft:time_since_rest":16129,"minecraft:damage_taken":24018,"minecraft:fly_one_cm":1562606,"minecraft:open_chest":400,"minecraft:fall_one_cm":55335}},"DataVersion":3120}