{"stats":{"minecraft:killed_by":{"undead_revamp2:sucker":14,"minecraft:wolf":1,"undead_revamp2:the_moonflower":10,"minecraft:creeper":4,"minecraft:spider":1,"enemyexpansion:equestrian":3,"john_mod_reborn:feral_baby_john_2":1,"undead_revamp2:thespitter":1,"minecraft:vindicator":1,"enemyexpansion:sprinter":1,"undead_revamp2:bomber":1,"minecraft:skeleton":6,"tinyskeletons:baby_skeleton":2,"john_mod_reborn:weeping_john":3,"minecraft:witch":3,"minecraft:zombie":6,"born_in_chaos_v1:corpse_fish":2,"undead_revamp2:thesmoker":1,"john_mod_reborn:hugging_john":1,"born_in_chaos_v1:maggot":3},"minecraft:crafted":{"minecraft:golden_carrot":13,"minecraft:brick":64,"minecraft:wooden_sword":1,"minecraft:oak_planks":120,"minecraft:cobblestone_slab":6,"minecraft:stone_shovel":1,"minecraft:white_carpet":3,"minecraft:iron_boots":1,"minecraft:iron_axe":1,"minecraft:stone_pickaxe":1,"minecraft:bricks":16,"minecraft:wooden_shovel":1,"minecraft:crafting_table":2,"minecraft:iron_helmet":1,"minecraft:birch_planks":4,"minecraft:stone_axe":2,"minecraft:air":0,"minecraft:oak_boat":7,"minecraft:iron_chestplate":1,"minecraft:cobblestone":1,"minecraft:charcoal":53,"minecraft:gold_nugget":108,"minecraft:stick":60,"minecraft:andesite_slab":12,"minecraft:iron_ingot":15,"minecraft:iron_pickaxe":3,"minecraft:snow_block":31,"minecraft:stone_sword":2,"minecraft:iron_shovel":1,"minecraft:iron_leggings":1,"minecraft:torch":28},"minecraft:picked_up":{"minecraft:mud":511,"minecraft:charcoal":11,"minecraft:iron_chestplate":5,"minecraft:wheat":3,"minecraft:chicken":8,"minecraft:clay_ball":44,"minecraft:brown_mushroom":1,"minecraft:diamond_sword":6,"minecraft:wooden_pickaxe":3,"minecraft:dead_horn_coral_block":8,"minecraft:shield":1,"minecraft:brick":6,"minecraft:music_disc_cat":1,"silentgear:sinew":1,"minecraft:string":31,"minecraft:dead_tube_coral_block":4,"minecraft:iron_axe":11,"minecraft:wooden_sword":6,"minecraft:iron_leggings":4,"minecraft:white_carpet":3,"minecraft:iron_shovel":3,"minecraft:diamond_leggings":1,"minecraft:gold_nugget":4,"improvableskills:scroll_normal":2,"minecraft:beef":9,"minecraft:oak_boat":14,"minecraft:cobblestone_slab":12,"minecraft:wooden_shovel":2,"minecraft:iron_pickaxe":17,"minecraft:chest":23,"minecraft:iron_boots":4,"minecraft:egg":26,"minecraft:tipped_arrow":4,"minecraft:dark_oak_sapling":8,"minecraft:stick":101,"minecraft:raw_iron":30,"minecraft:copper_ingot":2,"minecraft:torch":27,"minecraft:music_disc_mellohi":7,"minecraft:snow_block":31,"minecraft:diorite":32,"minecraft:carrot":1051,"minecraft:redstone":25,"minecraft:rabbit_foot":6,"minecraft:stone_sword":6,"minecraft:arrow":59,"minecraft:stone_shovel":6,"minecraft:rotten_flesh":243,"minecraft:gold_ingot":48,"supplementaries:ash":11,"minecraft:snowball":194,"minecraft:white_wool":2,"minecraft:cobblestone":176,"minecraft:sponge":6,"minecraft:birch_log":19,"born_in_chaos_v1:corpse_maggot":6,"minecraft:feather":14,"minecraft:golden_carrot":99,"minecraft:water_bucket":5,"minecraft:andesite":28,"minecraft:leather":3,"minecraft:ice":4,"silentgear:blueprint_package":1,"minecraft:flint":7,"savage_and_ravage:creeper_spores":51,"minecraft:oak_log":132,"minecraft:prismarine_bricks":8,"minecraft:gunpowder":122,"minecraft:dirt":302,"minecraft:bone":148,"minecraft:wheat_seeds":6,"minecraft:raw_gold":7,"minecraft:iron_ingot":138,"minecraft:stone_pickaxe":8,"minecraft:glass_bottle":25,"minecraft:glowstone_dust":18,"minecraft:moss_block":76,"minecraft:prismarine":23,"minecraft:iron_sword":15,"minecraft:oak_planks":92,"minecraft:dead_fire_coral_block":3,"minecraft:gravel":45,"minecraft:sand":60,"undead_unleashed:grave_metal_scrap":34,"minecraft:spruce_sapling":1,"minecraft:spruce_log":35,"minecraft:dark_oak_log":10,"minecraft:spider_eye":27,"minecraft:dark_prismarine":24,"minecraft:sugar":10,"minecraft:slime_ball":4,"minecraft:stone_axe":13,"minecraft:dead_bubble_coral_block":1,"minecraft:dead_brain_coral_block":4,"minecraft:iron_helmet":11,"minecraft:granite":26,"minecraft:bone_meal":139,"minecraft:bread":1,"minecraft:oak_sapling":11,"born_in_chaos_v1:rotten_fish":603,"minecraft:melon_seeds":9,"minecraft:bricks":9,"minecraft:oak_leaves":1,"minecraft:coal":32,"minecraft:andesite_slab":60,"minecraft:hopper":1},"minecraft:mined":{"minecraft:dark_prismarine":6,"minecraft:dark_oak_log":15,"minecraft:granite":43,"minecraft:grass_block":109,"minecraft:tube_coral_block":4,"minecraft:bubble_coral_block":2,"minecraft:moss_block":11,"minecraft:hopper":1,"minecraft:carrots":1,"minecraft:iron_ore":32,"minecraft:fire":20,"minecraft:andesite":44,"minecraft:pumpkin":5,"minecraft:cobblestone_slab":6,"minecraft:packed_ice":24,"minecraft:stone":204,"minecraft:brain_coral_block":3,"minecraft:fire_coral_block":1,"minecraft:snow_block":38,"minecraft:clay":3,"minecraft:torch":2,"minecraft:sponge":4,"minecraft:melon":8,"minecraft:chest":25,"minecraft:prismarine":25,"minecraft:bricks":1,"minecraft:oak_planks":2,"minecraft:diorite":46,"minecraft:prismarine_bricks":15,"minecraft:mud":12,"minecraft:birch_log":33,"minecraft:spruce_log":38,"minecraft:grass":1,"minecraft:oak_log":70,"minecraft:coal_ore":43,"minecraft:sand":25,"minecraft:gravel":38,"minecraft:dirt":21,"minecraft:cobweb":4,"minecraft:horn_coral_block":2,"minecraft:gold_ore":10,"minecraft:oak_leaves":4,"minecraft:diamond_ore":1},"minecraft:dropped":{"minecraft:iron_sword":3,"minecraft:oak_slab":1,"minecraft:oak_log":21,"minecraft:diamond_leggings":1,"minecraft:iron_helmet":1,"minecraft:feather":1,"minecraft:cobblestone":8,"minecraft:copper_ingot":2,"minecraft:grass_block":1,"silentgear:blueprint_package":2,"minecraft:diorite":1,"minecraft:torch":1,"minecraft:iron_leggings":1,"minecraft:bone_meal":2,"minecraft:iron_axe":1,"minecraft:iron_pickaxe":1,"minecraft:string":4,"minecraft:bone":2,"minecraft:chicken":3,"minecraft:rotten_flesh":5,"minecraft:oak_planks":1,"minecraft:iron_boots":1,"minecraft:carrot":141,"minecraft:cobblestone_slab":5,"minecraft:melon_seeds":1,"minecraft:stone_pickaxe":1,"silentgear:dried_sinew":1,"minecraft:oak_leaves":1,"minecraft:splash_potion":3},"minecraft:used":{"minecraft:oak_trapdoor":39,"minecraft:moss_block":57,"minecraft:stone_sword":18,"minecraft:iron_shovel":107,"minecraft:stone_shovel":28,"minecraft:diamond_hoe":96,"minecraft:chest":25,"minecraft:iron_sword":16,"minecraft:shield":16,"minecraft:stone":1,"minecraft:wooden_shovel":73,"minecraft:iron_chestplate":3,"minecraft:torch":125,"minecraft:dirt":162,"minecraft:carrot":277,"minecraft:bricks":12,"minecraft:iron_axe":230,"minecraft:grass_block":67,"minecraft:birch_sapling":1,"minecraft:iron_helmet":5,"minecraft:iron_boots":4,"minecraft:melon_seeds":4,"undead_revamp2:huntereye":1,"minecraft:bamboo":25,"minecraft:golden_carrot":1,"minecraft:oak_sapling":11,"minecraft:furnace":2,"minecraft:egg":6,"minecraft:cobbled_deepslate":101,"minecraft:iron_leggings":4,"minecraft:water_bucket":4,"minecraft:cobblestone_stairs":25,"quark:cobblestone_bricks":125,"minecraft:polished_andesite":141,"minecraft:oak_planks":198,"minecraft:cobblestone_slab":103,"minecraft:oak_leaves":2,"minecraft:oak_slab":49,"minecraft:crafting_table":4,"minecraft:mud":58,"quark:cobblestone_bricks_wall":72,"minecraft:melon_slice":5,"minecraft:bread":1,"minecraft:iron_pickaxe":547,"quark:cobblestone_bricks_stairs":2,"minecraft:stone_axe":40,"minecraft:wooden_sword":12,"minecraft:diamond_sword":30,"minecraft:cobblestone":427,"minecraft:cobbled_deepslate_slab":29,"minecraft:oak_boat":8,"minecraft:splash_potion":147},"minecraft:broken":{"minecraft:iron_pickaxe":1},"minecraft:killed":{"rottencreatures:burned":1,"minecraft:spider":8,"undead_revamp2:bomber":1,"born_in_chaos_v1:maggot":5,"minecraft:skeleton":11,"minecraft:drowned":1,"undead_revamp2:therod":1,"born_in_chaos_v1:corpse_fish":1,"undead_revamp2:sucker":2,"undead_revamp2:thespitter":1,"undead_revamp2:the_moonflower":4,"minecraft:squid":1,"minecraft:creeper":6,"minecraft:zombie":16,"tinyskeletons:baby_skeleton":1,"enemyexpansion:botfly":1,"minecraft:stray":3,"undead_unleashed:haunter":1},"minecraft:custom":{"minecraft:mob_kills":71,"minecraft:animals_bred":2,"minecraft:interact_with_crafting_table":34,"minecraft:damage_dealt_resisted":193,"minecraft:leave_game":9,"minecraft:time_since_death":1158,"minecraft:damage_resisted":30,"minecraft:sprint_one_cm":684230,"minecraft:walk_one_cm":588966,"minecraft:damage_blocked_by_shield":120,"minecraft:drop":42,"minecraft:damage_dealt_absorbed":27,"minecraft:talked_to_villager":20,"minecraft:play_time":246499,"minecraft:sneak_time":5938,"minecraft:deaths":79,"minecraft:walk_under_water_one_cm":23104,"minecraft:boat_one_cm":288,"minecraft:jump":2922,"minecraft:walk_on_water_one_cm":3865,"minecraft:total_world_time":246499,"minecraft:interact_with_furnace":33,"minecraft:time_since_rest":1184,"minecraft:damage_taken":22754,"minecraft:damage_dealt":8445,"minecraft:fly_one_cm":1493083,"minecraft:open_chest":322,"minecraft:crouch_one_cm":10752,"minecraft:fall_one_cm":52918}},"DataVersion":3120}