{"stats":{"minecraft:dropped":{"minecraft:cobblestone_slab":1,"minecraft:oak_slab":1,"minecraft:torch":1,"minecraft:melon_seeds":1,"minecraft:rotten_flesh":1,"silentgear:dried_sinew":1,"minecraft:oak_leaves":1,"minecraft:grass_block":1,"minecraft:splash_potion":3,"silentgear:blueprint_package":2},"minecraft:custom":{"minecraft:time_since_rest":1251,"minecraft:sprint_one_cm":56928,"minecraft:damage_taken":845,"minecraft:walk_one_cm":106519,"minecraft:mob_kills":27,"minecraft:drop":13,"minecraft:damage_dealt":188,"minecraft:fly_one_cm":873631,"minecraft:open_chest":97,"minecraft:crouch_one_cm":4172,"minecraft:play_time":93778,"minecraft:deaths":1,"minecraft:sneak_time":2797,"minecraft:walk_under_water_one_cm":114,"minecraft:jump":350,"minecraft:leave_game":4,"minecraft:time_since_death":1223,"minecraft:walk_on_water_one_cm":1811,"minecraft:total_world_time":93778,"minecraft:damage_resisted":30,"minecraft:fall_one_cm":4927},"minecraft:picked_up":{"born_in_chaos_v1:corpse_maggot":2,"minecraft:water_bucket":1,"minecraft:torch":3,"minecraft:gravel":10,"silentgear:blueprint_package":1,"minecraft:flint":1,"minecraft:oak_log":14,"minecraft:carrot":86,"minecraft:dirt":46,"minecraft:iron_axe":1,"minecraft:rotten_flesh":1,"minecraft:wheat_seeds":3,"minecraft:iron_pickaxe":1,"minecraft:oak_sapling":1,"minecraft:melon_seeds":9,"minecraft:chest":6,"minecraft:iron_sword":1,"minecraft:oak_leaves":1,"minecraft:egg":1},"minecraft:killed":{"minecraft:skeleton":8,"tinyskeletons:baby_skeleton":1,"minecraft:zombie":7,"rottencreatures:burned":1,"born_in_chaos_v1:corpse_fish":1,"undead_revamp2:bomber":1,"minecraft:creeper":5,"born_in_chaos_v1:maggot":2},"minecraft:killed_by":{"undead_revamp2:the_moonflower":1},"minecraft:used":{"minecraft:oak_trapdoor":39,"minecraft:water_bucket":4,"quark:cobblestone_bricks_wall":72,"minecraft:cobblestone_stairs":25,"minecraft:iron_axe":21,"quark:cobblestone_bricks":125,"minecraft:oak_planks":197,"minecraft:polished_andesite":141,"minecraft:grass_block":67,"minecraft:diamond_hoe":96,"quark:cobblestone_bricks_stairs":2,"minecraft:chest":23,"minecraft:stone":1,"minecraft:iron_sword":3,"minecraft:cobblestone_slab":103,"minecraft:wooden_shovel":26,"minecraft:melon_seeds":4,"minecraft:bamboo":25,"minecraft:oak_leaves":2,"minecraft:torch":98,"minecraft:dirt":141,"minecraft:cobblestone":422,"minecraft:cobbled_deepslate_slab":29,"minecraft:oak_slab":49,"minecraft:crafting_table":2,"minecraft:oak_sapling":10,"minecraft:furnace":2,"minecraft:carrot":154,"minecraft:cobbled_deepslate":101,"minecraft:splash_potion":147},"minecraft:mined":{"minecraft:carrots":1,"minecraft:fire":6,"minecraft:grass":1,"minecraft:grass_block":23,"minecraft:oak_log":14,"minecraft:chest":4,"minecraft:gravel":6}},"DataVersion":3120}