{"stats":{"minecraft:killed_by":{"enemyexpansion:sprinter":1,"undead_revamp2:sucker":8,"undead_revamp2:the_moonflower":4,"minecraft:skeleton":1,"tinyskeletons:baby_skeleton":1,"minecraft:zombie":4,"born_in_chaos_v1:corpse_fish":2,"enemyexpansion:equestrian":3,"john_mod_reborn:feral_baby_john_2":1,"undead_revamp2:thesmoker":1,"born_in_chaos_v1:maggot":2},"minecraft:crafted":{"minecraft:oak_planks":12,"minecraft:cobblestone_slab":6,"minecraft:crafting_table":1,"minecraft:iron_helmet":1,"minecraft:stone_axe":1,"minecraft:white_carpet":3,"minecraft:iron_chestplate":1,"minecraft:iron_boots":1,"minecraft:gold_nugget":108,"minecraft:stick":4,"minecraft:andesite_slab":12,"minecraft:iron_leggings":1},"minecraft:picked_up":{"minecraft:birch_log":2,"minecraft:mud":192,"born_in_chaos_v1:corpse_maggot":4,"minecraft:iron_chestplate":5,"minecraft:water_bucket":2,"minecraft:brown_mushroom":1,"minecraft:diamond_sword":5,"silentgear:blueprint_package":1,"minecraft:flint":1,"minecraft:oak_log":31,"minecraft:shield":1,"minecraft:string":2,"minecraft:dirt":70,"minecraft:iron_axe":3,"minecraft:iron_leggings":3,"minecraft:white_carpet":3,"minecraft:wheat_seeds":6,"minecraft:iron_ingot":120,"minecraft:cobblestone_slab":8,"minecraft:iron_pickaxe":2,"minecraft:chest":9,"minecraft:iron_sword":11,"minecraft:iron_boots":3,"minecraft:egg":2,"minecraft:raw_iron":1,"minecraft:torch":13,"minecraft:gravel":18,"minecraft:carrot":411,"minecraft:spider_eye":1,"minecraft:rotten_flesh":33,"minecraft:iron_helmet":4,"minecraft:gold_ingot":48,"born_in_chaos_v1:rotten_fish":1,"supplementaries:ash":1,"minecraft:oak_sapling":3,"minecraft:melon_seeds":9,"minecraft:andesite_slab":60,"minecraft:oak_leaves":1,"minecraft:white_wool":2,"minecraft:cobblestone":56},"minecraft:mined":{"minecraft:torch":1,"minecraft:grass_block":23,"minecraft:chest":4,"minecraft:carrots":1,"minecraft:fire":17,"minecraft:grass":1,"minecraft:oak_log":14,"minecraft:gravel":6},"minecraft:dropped":{"minecraft:oak_slab":1,"minecraft:rotten_flesh":1,"minecraft:grass_block":1,"silentgear:blueprint_package":2,"minecraft:cobblestone_slab":1,"minecraft:torch":1,"minecraft:melon_seeds":1,"silentgear:dried_sinew":1,"minecraft:oak_leaves":1,"minecraft:splash_potion":3},"minecraft:used":{"minecraft:oak_trapdoor":39,"minecraft:water_bucket":4,"minecraft:cobblestone_stairs":25,"quark:cobblestone_bricks":125,"minecraft:polished_andesite":141,"minecraft:oak_planks":197,"minecraft:diamond_hoe":96,"minecraft:chest":23,"minecraft:shield":16,"minecraft:stone":1,"minecraft:iron_sword":16,"minecraft:cobblestone_slab":103,"minecraft:wooden_shovel":26,"minecraft:oak_leaves":2,"minecraft:iron_chestplate":3,"minecraft:torch":98,"minecraft:dirt":141,"minecraft:oak_slab":49,"minecraft:crafting_table":3,"minecraft:carrot":188,"quark:cobblestone_bricks_wall":72,"minecraft:iron_axe":21,"minecraft:grass_block":67,"quark:cobblestone_bricks_stairs":2,"minecraft:iron_helmet":4,"minecraft:iron_boots":4,"minecraft:melon_seeds":4,"minecraft:bamboo":25,"minecraft:diamond_sword":30,"minecraft:cobblestone":422,"minecraft:cobbled_deepslate_slab":29,"minecraft:oak_sapling":10,"minecraft:furnace":2,"minecraft:cobbled_deepslate":101,"minecraft:iron_leggings":4,"minecraft:splash_potion":147},"minecraft:killed":{"rottencreatures:burned":1,"minecraft:spider":2,"undead_revamp2:bomber":1,"minecraft:creeper":5,"born_in_chaos_v1:maggot":4,"minecraft:skeleton":8,"tinyskeletons:baby_skeleton":1,"minecraft:zombie":7,"enemyexpansion:botfly":1,"born_in_chaos_v1:corpse_fish":1,"undead_revamp2:sucker":1},"minecraft:custom":{"minecraft:mob_kills":34,"minecraft:interact_with_crafting_table":11,"minecraft:leave_game":5,"minecraft:time_since_death":2626,"minecraft:damage_resisted":30,"minecraft:time_since_rest":2657,"minecraft:sprint_one_cm":204569,"minecraft:damage_taken":9215,"minecraft:walk_one_cm":210867,"minecraft:damage_blocked_by_shield":120,"minecraft:drop":13,"minecraft:damage_dealt":3019,"minecraft:fly_one_cm":998961,"minecraft:open_chest":129,"minecraft:crouch_one_cm":4213,"minecraft:play_time":123625,"minecraft:deaths":33,"minecraft:sneak_time":2846,"minecraft:walk_under_water_one_cm":114,"minecraft:jump":847,"minecraft:walk_on_water_one_cm":1968,"minecraft:total_world_time":123625,"minecraft:fall_one_cm":27806}},"DataVersion":3120}