{"stats":{"minecraft:killed_by":{"undead_revamp2:sucker":10,"undead_revamp2:the_moonflower":10,"minecraft:creeper":4,"minecraft:spider":1,"enemyexpansion:equestrian":3,"john_mod_reborn:feral_baby_john_2":1,"undead_revamp2:thespitter":1,"minecraft:vindicator":1,"enemyexpansion:sprinter":1,"undead_revamp2:bomber":1,"minecraft:skeleton":6,"tinyskeletons:baby_skeleton":2,"john_mod_reborn:weeping_john":3,"minecraft:witch":3,"minecraft:zombie":6,"born_in_chaos_v1:corpse_fish":2,"undead_revamp2:thesmoker":1,"john_mod_reborn:hugging_john":1,"born_in_chaos_v1:maggot":3},"minecraft:crafted":{"minecraft:golden_carrot":13,"minecraft:brick":64,"minecraft:wooden_sword":1,"minecraft:oak_planks":120,"minecraft:cobblestone_slab":6,"minecraft:stone_shovel":1,"minecraft:white_carpet":3,"minecraft:iron_boots":1,"minecraft:stone_pickaxe":1,"minecraft:bricks":16,"minecraft:wooden_shovel":1,"minecraft:crafting_table":2,"minecraft:iron_helmet":1,"minecraft:birch_planks":4,"minecraft:stone_axe":2,"minecraft:air":0,"minecraft:oak_boat":7,"minecraft:iron_chestplate":1,"minecraft:cobblestone":1,"minecraft:charcoal":43,"minecraft:gold_nugget":108,"minecraft:stick":52,"minecraft:andesite_slab":12,"minecraft:iron_ingot":12,"minecraft:iron_pickaxe":2,"minecraft:stone_sword":2,"minecraft:iron_leggings":1,"minecraft:torch":28},"minecraft:picked_up":{"minecraft:charcoal":11,"minecraft:mud":511,"minecraft:iron_chestplate":5,"minecraft:wheat":3,"minecraft:chicken":5,"minecraft:clay_ball":36,"minecraft:brown_mushroom":1,"minecraft:diamond_sword":6,"minecraft:wooden_pickaxe":3,"minecraft:brick":6,"minecraft:shield":1,"minecraft:music_disc_cat":1,"silentgear:sinew":1,"minecraft:string":31,"minecraft:iron_axe":5,"minecraft:wooden_sword":2,"minecraft:iron_leggings":4,"minecraft:white_carpet":3,"minecraft:diamond_leggings":1,"minecraft:gold_nugget":4,"improvableskills:scroll_normal":2,"minecraft:beef":9,"minecraft:oak_boat":13,"minecraft:cobblestone_slab":12,"minecraft:iron_pickaxe":11,"minecraft:chest":17,"minecraft:iron_boots":4,"minecraft:egg":10,"minecraft:tipped_arrow":2,"minecraft:stick":101,"minecraft:raw_iron":7,"minecraft:copper_ingot":2,"minecraft:music_disc_mellohi":7,"minecraft:torch":27,"minecraft:diorite":7,"minecraft:carrot":746,"minecraft:redstone":25,"minecraft:rotten_flesh":241,"minecraft:stone_sword":6,"minecraft:arrow":55,"minecraft:stone_shovel":6,"minecraft:gold_ingot":48,"supplementaries:ash":11,"minecraft:snowball":4,"minecraft:white_wool":2,"minecraft:cobblestone":116,"minecraft:birch_log":8,"born_in_chaos_v1:corpse_maggot":6,"minecraft:feather":5,"minecraft:golden_carrot":99,"minecraft:water_bucket":5,"minecraft:andesite":7,"minecraft:leather":3,"silentgear:blueprint_package":1,"minecraft:flint":6,"savage_and_ravage:creeper_spores":51,"minecraft:oak_log":132,"minecraft:gunpowder":122,"minecraft:dirt":219,"minecraft:bone":112,"minecraft:wheat_seeds":6,"minecraft:iron_ingot":120,"minecraft:stone_pickaxe":8,"minecraft:glowstone_dust":18,"minecraft:glass_bottle":21,"minecraft:moss_block":71,"minecraft:iron_sword":12,"minecraft:oak_planks":49,"minecraft:gravel":38,"undead_unleashed:grave_metal_scrap":34,"minecraft:spruce_sapling":1,"minecraft:spruce_log":1,"minecraft:spider_eye":27,"minecraft:sugar":10,"minecraft:slime_ball":4,"minecraft:stone_axe":13,"minecraft:iron_helmet":7,"minecraft:granite":8,"minecraft:bone_meal":130,"minecraft:bread":1,"minecraft:oak_sapling":11,"born_in_chaos_v1:rotten_fish":603,"minecraft:coal":9,"minecraft:melon_seeds":9,"minecraft:bricks":9,"minecraft:oak_leaves":1,"minecraft:andesite_slab":60,"minecraft:hopper":1},"minecraft:mined":{"minecraft:dark_oak_log":5,"minecraft:granite":22,"minecraft:grass_block":54,"minecraft:hopper":1,"minecraft:moss_block":10,"minecraft:carrots":1,"minecraft:iron_ore":20,"minecraft:fire":20,"minecraft:andesite":26,"minecraft:pumpkin":5,"minecraft:cobblestone_slab":6,"minecraft:packed_ice":5,"minecraft:stone":147,"minecraft:snow_block":2,"minecraft:torch":2,"minecraft:melon":8,"minecraft:chest":18,"minecraft:oak_planks":1,"minecraft:bricks":1,"minecraft:diorite":23,"minecraft:mud":12,"minecraft:birch_log":27,"minecraft:spruce_log":5,"minecraft:grass":1,"minecraft:coal_ore":29,"minecraft:oak_log":70,"minecraft:gravel":29,"minecraft:dirt":20,"minecraft:cobweb":4,"minecraft:gold_ore":1,"minecraft:oak_leaves":4},"minecraft:dropped":{"minecraft:iron_sword":1,"minecraft:oak_slab":1,"minecraft:oak_log":21,"minecraft:diamond_leggings":1,"minecraft:iron_helmet":1,"minecraft:feather":1,"minecraft:copper_ingot":2,"minecraft:grass_block":1,"silentgear:blueprint_package":2,"minecraft:torch":1,"minecraft:iron_leggings":1,"minecraft:bone_meal":2,"minecraft:iron_axe":1,"minecraft:iron_pickaxe":1,"minecraft:string":4,"minecraft:bone":2,"minecraft:chicken":3,"minecraft:rotten_flesh":5,"minecraft:oak_planks":1,"minecraft:iron_boots":1,"minecraft:carrot":141,"minecraft:cobblestone_slab":5,"minecraft:melon_seeds":1,"minecraft:stone_pickaxe":1,"silentgear:dried_sinew":1,"minecraft:oak_leaves":1,"minecraft:splash_potion":3},"minecraft:used":{"minecraft:moss_block":56,"minecraft:oak_trapdoor":39,"minecraft:stone_sword":18,"minecraft:stone_shovel":28,"minecraft:diamond_hoe":96,"minecraft:chest":24,"minecraft:shield":16,"minecraft:stone":1,"minecraft:iron_sword":16,"minecraft:wooden_shovel":54,"minecraft:iron_chestplate":3,"minecraft:torch":125,"minecraft:dirt":162,"minecraft:carrot":277,"minecraft:bricks":12,"minecraft:grass_block":67,"minecraft:iron_axe":160,"minecraft:birch_sapling":1,"minecraft:iron_helmet":4,"minecraft:iron_boots":4,"minecraft:melon_seeds":4,"undead_revamp2:huntereye":1,"minecraft:bamboo":25,"minecraft:golden_carrot":1,"minecraft:furnace":2,"minecraft:oak_sapling":11,"minecraft:egg":2,"minecraft:cobbled_deepslate":101,"minecraft:iron_leggings":4,"minecraft:water_bucket":4,"minecraft:cobblestone_stairs":25,"quark:cobblestone_bricks":125,"minecraft:polished_andesite":141,"minecraft:oak_planks":197,"minecraft:cobblestone_slab":103,"minecraft:oak_leaves":2,"minecraft:oak_slab":49,"minecraft:crafting_table":4,"minecraft:mud":58,"quark:cobblestone_bricks_wall":72,"minecraft:bread":1,"minecraft:melon_slice":5,"minecraft:iron_pickaxe":306,"quark:cobblestone_bricks_stairs":2,"minecraft:stone_axe":40,"minecraft:diamond_sword":30,"minecraft:wooden_sword":12,"minecraft:cobblestone":427,"minecraft:cobbled_deepslate_slab":29,"minecraft:oak_boat":7,"minecraft:splash_potion":147},"minecraft:broken":{"minecraft:iron_pickaxe":1},"minecraft:killed":{"rottencreatures:burned":1,"minecraft:spider":8,"undead_revamp2:bomber":1,"born_in_chaos_v1:maggot":5,"minecraft:skeleton":11,"undead_revamp2:therod":1,"born_in_chaos_v1:corpse_fish":1,"undead_revamp2:sucker":2,"undead_revamp2:thespitter":1,"undead_revamp2:the_moonflower":4,"minecraft:creeper":6,"minecraft:zombie":16,"tinyskeletons:baby_skeleton":1,"minecraft:stray":2,"enemyexpansion:botfly":1,"undead_unleashed:haunter":1},"minecraft:custom":{"minecraft:mob_kills":68,"minecraft:interact_with_crafting_table":29,"minecraft:damage_dealt_resisted":6,"minecraft:leave_game":7,"minecraft:time_since_death":36890,"minecraft:damage_resisted":30,"minecraft:sprint_one_cm":612573,"minecraft:walk_one_cm":533500,"minecraft:damage_blocked_by_shield":120,"minecraft:drop":38,"minecraft:damage_dealt_absorbed":27,"minecraft:talked_to_villager":15,"minecraft:play_time":221238,"minecraft:deaths":70,"minecraft:sneak_time":5669,"minecraft:walk_under_water_one_cm":23104,"minecraft:boat_one_cm":288,"minecraft:jump":2626,"minecraft:walk_on_water_one_cm":3865,"minecraft:total_world_time":221238,"minecraft:interact_with_furnace":31,"minecraft:time_since_rest":36924,"minecraft:damage_taken":20083,"minecraft:damage_dealt":7850,"minecraft:fly_one_cm":1432258,"minecraft:open_chest":273,"minecraft:crouch_one_cm":10539,"minecraft:fall_one_cm":50436}},"DataVersion":3120}