{"stats":{"minecraft:killed_by":{"undead_revamp2:sucker":10,"undead_revamp2:the_moonflower":10,"enemyexpansion:equestrian":3,"john_mod_reborn:feral_baby_john_2":1,"undead_revamp2:thespitter":1,"minecraft:vindicator":1,"enemyexpansion:sprinter":1,"undead_revamp2:bomber":1,"minecraft:skeleton":5,"tinyskeletons:baby_skeleton":1,"john_mod_reborn:weeping_john":3,"minecraft:witch":3,"minecraft:zombie":6,"born_in_chaos_v1:corpse_fish":2,"undead_revamp2:thesmoker":1,"born_in_chaos_v1:maggot":2},"minecraft:crafted":{"minecraft:golden_carrot":13,"minecraft:brick":64,"minecraft:oak_planks":108,"minecraft:cobblestone_slab":6,"minecraft:stone_shovel":1,"minecraft:white_carpet":3,"minecraft:iron_boots":1,"minecraft:stone_pickaxe":1,"minecraft:bricks":16,"minecraft:crafting_table":2,"minecraft:iron_helmet":1,"minecraft:birch_planks":4,"minecraft:stone_axe":2,"minecraft:air":0,"minecraft:oak_boat":7,"minecraft:iron_chestplate":1,"minecraft:charcoal":43,"minecraft:gold_nugget":108,"minecraft:stick":44,"minecraft:andesite_slab":12,"minecraft:stone_sword":1,"minecraft:iron_leggings":1,"minecraft:torch":16},"minecraft:picked_up":{"minecraft:mud":404,"minecraft:iron_chestplate":5,"minecraft:wheat":3,"minecraft:chicken":4,"minecraft:clay_ball":36,"minecraft:brown_mushroom":1,"minecraft:diamond_sword":6,"minecraft:brick":6,"minecraft:shield":1,"silentgear:sinew":1,"minecraft:string":17,"minecraft:iron_axe":3,"minecraft:iron_leggings":3,"minecraft:white_carpet":3,"minecraft:diamond_leggings":1,"minecraft:gold_nugget":4,"improvableskills:scroll_normal":2,"minecraft:beef":9,"minecraft:oak_boat":13,"minecraft:cobblestone_slab":8,"minecraft:iron_pickaxe":9,"minecraft:chest":15,"minecraft:iron_boots":3,"minecraft:egg":7,"minecraft:stick":81,"minecraft:raw_iron":1,"minecraft:music_disc_mellohi":6,"minecraft:torch":20,"minecraft:carrot":571,"minecraft:redstone":19,"minecraft:rotten_flesh":81,"minecraft:stone_sword":6,"minecraft:arrow":19,"minecraft:stone_shovel":6,"minecraft:gold_ingot":48,"supplementaries:ash":2,"minecraft:white_wool":2,"minecraft:cobblestone":68,"minecraft:birch_log":2,"born_in_chaos_v1:corpse_maggot":4,"minecraft:feather":3,"minecraft:golden_carrot":99,"minecraft:water_bucket":5,"minecraft:leather":3,"silentgear:blueprint_package":1,"minecraft:flint":4,"savage_and_ravage:creeper_spores":6,"minecraft:oak_log":124,"minecraft:gunpowder":13,"minecraft:dirt":208,"minecraft:bone":29,"minecraft:wheat_seeds":6,"minecraft:iron_ingot":120,"minecraft:stone_pickaxe":8,"minecraft:glowstone_dust":18,"minecraft:glass_bottle":20,"minecraft:iron_sword":11,"minecraft:oak_planks":25,"minecraft:gravel":33,"undead_unleashed:grave_metal_scrap":10,"minecraft:spider_eye":14,"minecraft:sugar":7,"minecraft:stone_axe":13,"minecraft:iron_helmet":5,"minecraft:bone_meal":7,"minecraft:oak_sapling":11,"born_in_chaos_v1:rotten_fish":83,"minecraft:melon_seeds":9,"minecraft:bricks":8,"minecraft:oak_leaves":1,"minecraft:andesite_slab":60},"minecraft:mined":{"minecraft:grass_block":45,"minecraft:carrots":1,"minecraft:fire":17,"minecraft:torch":2,"minecraft:chest":5,"minecraft:mud":9,"minecraft:grass":1,"minecraft:oak_log":26,"minecraft:gravel":10,"minecraft:dirt":1,"minecraft:cobweb":1,"minecraft:oak_leaves":2},"minecraft:dropped":{"minecraft:oak_slab":1,"minecraft:oak_log":21,"minecraft:diamond_leggings":1,"minecraft:feather":1,"minecraft:grass_block":1,"silentgear:blueprint_package":2,"minecraft:torch":1,"minecraft:string":3,"minecraft:chicken":3,"minecraft:rotten_flesh":1,"minecraft:oak_planks":1,"minecraft:carrot":64,"minecraft:cobblestone_slab":1,"minecraft:melon_seeds":1,"minecraft:stone_pickaxe":1,"silentgear:dried_sinew":1,"minecraft:oak_leaves":1,"minecraft:splash_potion":3},"minecraft:used":{"minecraft:oak_trapdoor":39,"minecraft:stone_sword":14,"minecraft:stone_shovel":28,"minecraft:diamond_hoe":96,"minecraft:chest":23,"minecraft:shield":16,"minecraft:stone":1,"minecraft:iron_sword":16,"minecraft:wooden_shovel":26,"minecraft:iron_chestplate":3,"minecraft:torch":107,"minecraft:dirt":149,"minecraft:carrot":213,"minecraft:bricks":12,"minecraft:grass_block":67,"minecraft:iron_axe":21,"minecraft:iron_helmet":4,"minecraft:iron_boots":4,"minecraft:melon_seeds":4,"minecraft:bamboo":25,"minecraft:golden_carrot":1,"minecraft:furnace":2,"minecraft:oak_sapling":11,"minecraft:cobbled_deepslate":101,"minecraft:iron_leggings":4,"minecraft:water_bucket":4,"minecraft:cobblestone_stairs":25,"quark:cobblestone_bricks":125,"minecraft:polished_andesite":141,"minecraft:oak_planks":197,"minecraft:cobblestone_slab":103,"minecraft:oak_leaves":2,"minecraft:oak_slab":49,"minecraft:crafting_table":4,"minecraft:mud":22,"quark:cobblestone_bricks_wall":72,"quark:cobblestone_bricks_stairs":2,"minecraft:stone_axe":40,"minecraft:diamond_sword":30,"minecraft:cobblestone":426,"minecraft:cobbled_deepslate_slab":29,"minecraft:oak_boat":7,"minecraft:splash_potion":147},"minecraft:killed":{"rottencreatures:burned":1,"minecraft:spider":4,"undead_revamp2:bomber":1,"born_in_chaos_v1:maggot":4,"minecraft:skeleton":11,"born_in_chaos_v1:corpse_fish":1,"undead_revamp2:sucker":1,"undead_revamp2:thespitter":1,"undead_revamp2:the_moonflower":4,"minecraft:creeper":5,"minecraft:zombie":13,"tinyskeletons:baby_skeleton":1,"enemyexpansion:botfly":1},"minecraft:custom":{"minecraft:mob_kills":53,"minecraft:interact_with_crafting_table":22,"minecraft:damage_dealt_resisted":5,"minecraft:leave_game":7,"minecraft:time_since_death":764,"minecraft:damage_resisted":30,"minecraft:sprint_one_cm":442501,"minecraft:walk_one_cm":392676,"minecraft:damage_blocked_by_shield":120,"minecraft:drop":22,"minecraft:damage_dealt_absorbed":22,"minecraft:play_time":173238,"minecraft:deaths":61,"minecraft:sneak_time":3269,"minecraft:walk_under_water_one_cm":22218,"minecraft:boat_one_cm":288,"minecraft:jump":1781,"minecraft:walk_on_water_one_cm":3617,"minecraft:total_world_time":173238,"minecraft:interact_with_furnace":21,"minecraft:time_since_rest":789,"minecraft:damage_taken":16489,"minecraft:damage_dealt":5375,"minecraft:fly_one_cm":1238150,"minecraft:open_chest":194,"minecraft:crouch_one_cm":5052,"minecraft:fall_one_cm":44010}},"DataVersion":3120}