{"stats":{"minecraft:killed_by":{"undead_revamp2:sucker":14,"minecraft:wolf":1,"undead_revamp2:the_moonflower":10,"minecraft:creeper":4,"minecraft:spider":1,"enemyexpansion:equestrian":3,"john_mod_reborn:feral_baby_john_2":1,"undead_revamp2:thespitter":1,"minecraft:vindicator":1,"enemyexpansion:sprinter":1,"undead_revamp2:bomber":1,"minecraft:skeleton":6,"tinyskeletons:baby_skeleton":2,"john_mod_reborn:weeping_john":3,"minecraft:witch":3,"minecraft:zombie":6,"born_in_chaos_v1:corpse_fish":2,"undead_revamp2:thesmoker":1,"john_mod_reborn:hugging_john":1,"minecraft:elder_guardian":1,"born_in_chaos_v1:maggot":3},"minecraft:crafted":{"minecraft:golden_carrot":13,"minecraft:brick":64,"minecraft:wooden_sword":1,"minecraft:oak_planks":120,"minecraft:cobblestone_slab":6,"minecraft:stone_shovel":1,"minecraft:white_carpet":3,"minecraft:iron_boots":1,"minecraft:iron_axe":1,"minecraft:stone_pickaxe":1,"minecraft:bricks":16,"minecraft:wooden_shovel":1,"minecraft:crafting_table":2,"minecraft:iron_helmet":1,"minecraft:birch_planks":4,"minecraft:stone_axe":2,"minecraft:air":0,"minecraft:oak_boat":7,"minecraft:iron_chestplate":1,"minecraft:cobblestone":1,"minecraft:charcoal":53,"minecraft:gold_nugget":108,"minecraft:stick":60,"minecraft:andesite_slab":12,"minecraft:iron_ingot":15,"minecraft:iron_pickaxe":4,"minecraft:stone_sword":2,"minecraft:snow_block":31,"minecraft:iron_shovel":1,"minecraft:iron_leggings":1,"minecraft:torch":28},"minecraft:picked_up":{"minecraft:charcoal":11,"minecraft:mud":511,"minecraft:iron_chestplate":5,"minecraft:wheat":3,"minecraft:chicken":8,"minecraft:clay_ball":48,"minecraft:brown_mushroom":1,"minecraft:diamond_sword":6,"minecraft:wooden_pickaxe":3,"minecraft:dead_horn_coral_block":11,"minecraft:brick":6,"minecraft:shield":1,"minecraft:cod_bucket":1,"minecraft:music_disc_cat":1,"silentgear:sinew":1,"minecraft:string":31,"minecraft:dead_tube_coral_block":5,"minecraft:iron_axe":12,"minecraft:wooden_sword":6,"minecraft:iron_leggings":4,"minecraft:white_carpet":3,"minecraft:iron_shovel":4,"minecraft:pufferfish":2,"minecraft:diamond_leggings":1,"minecraft:gold_nugget":4,"improvableskills:scroll_normal":2,"minecraft:beef":9,"minecraft:oak_boat":14,"minecraft:cobblestone_slab":12,"minecraft:wooden_shovel":2,"minecraft:iron_pickaxe":18,"minecraft:chest":25,"minecraft:iron_boots":4,"minecraft:egg":26,"minecraft:tipped_arrow":4,"minecraft:dark_oak_sapling":8,"minecraft:raw_iron":40,"minecraft:stick":101,"minecraft:copper_ingot":2,"minecraft:torch":27,"minecraft:music_disc_mellohi":7,"minecraft:snow_block":31,"minecraft:diorite":37,"minecraft:carrot":1232,"minecraft:redstone":25,"minecraft:prismarine_crystals":22,"minecraft:rabbit_foot":6,"minecraft:stone_sword":6,"minecraft:arrow":59,"minecraft:stone_shovel":6,"minecraft:horn_coral_fan":1,"minecraft:rotten_flesh":243,"minecraft:salmon_bucket":1,"minecraft:tropical_fish":1,"minecraft:gold_ingot":48,"supplementaries:ash":11,"minecraft:cod":1,"minecraft:snowball":194,"minecraft:white_wool":2,"minecraft:cobblestone":219,"minecraft:sponge":9,"minecraft:birch_log":19,"born_in_chaos_v1:corpse_maggot":6,"minecraft:feather":14,"minecraft:golden_carrot":99,"minecraft:jungle_log":17,"minecraft:water_bucket":5,"minecraft:andesite":28,"minecraft:leather":3,"silentgear:blueprint_package":1,"minecraft:ice":4,"minecraft:flint":8,"savage_and_ravage:creeper_spores":51,"minecraft:oak_log":141,"minecraft:prismarine_bricks":23,"minecraft:gunpowder":122,"minecraft:dirt":305,"minecraft:paper":2,"minecraft:bone":148,"minecraft:wheat_seeds":6,"minecraft:raw_gold":9,"minecraft:iron_ingot":140,"minecraft:music_disc_far":1,"minecraft:stone_pickaxe":8,"minecraft:glass_bottle":25,"minecraft:glowstone_dust":18,"minecraft:moss_block":76,"croptopia:roe":2,"minecraft:prismarine":24,"minecraft:oak_planks":92,"minecraft:iron_sword":15,"minecraft:gravel":47,"minecraft:dead_fire_coral_block":6,"minecraft:sand":79,"undead_unleashed:grave_metal_scrap":34,"minecraft:spruce_sapling":1,"minecraft:spruce_log":35,"minecraft:dark_oak_log":12,"minecraft:spider_eye":27,"minecraft:mossy_cobblestone":4,"minecraft:dark_prismarine":40,"minecraft:sugar":10,"minecraft:slime_ball":4,"minecraft:stone_axe":13,"minecraft:writable_book":1,"minecraft:dead_bubble_coral_block":3,"minecraft:iron_helmet":11,"minecraft:dead_brain_coral_block":7,"minecraft:granite":28,"minecraft:bone_meal":139,"minecraft:bread":1,"born_in_chaos_v1:rotten_fish":603,"minecraft:oak_sapling":11,"minecraft:melon_seeds":9,"minecraft:bricks":9,"minecraft:oak_leaves":1,"minecraft:coal":35,"minecraft:andesite_slab":60,"minecraft:hopper":1},"minecraft:mined":{"minecraft:diamond_ore":1,"minecraft:dark_prismarine":39,"minecraft:mossy_cobblestone":4,"minecraft:dark_oak_log":22,"minecraft:sea_lantern":12,"minecraft:granite":46,"minecraft:grass_block":110,"minecraft:jungle_log":15,"minecraft:bubble_coral_block":8,"minecraft:tube_coral_block":10,"minecraft:moss_block":11,"minecraft:hopper":1,"minecraft:carrots":1,"minecraft:iron_ore":48,"minecraft:fire":22,"minecraft:andesite":45,"minecraft:pumpkin":5,"minecraft:dead_horn_coral_block":3,"minecraft:cobblestone_slab":6,"minecraft:packed_ice":24,"minecraft:stone":219,"minecraft:brain_coral_block":10,"minecraft:fire_coral_block":10,"minecraft:snow_block":38,"minecraft:clay":5,"minecraft:torch":2,"minecraft:sponge":7,"minecraft:melon":8,"minecraft:chest":29,"minecraft:cobblestone":48,"minecraft:bricks":1,"minecraft:oak_planks":2,"minecraft:prismarine":70,"minecraft:diorite":54,"minecraft:prismarine_bricks":44,"minecraft:mud":12,"minecraft:birch_log":34,"minecraft:spruce_log":38,"minecraft:grass":1,"minecraft:coal_ore":51,"minecraft:oak_log":84,"minecraft:sand":39,"minecraft:gravel":39,"minecraft:dirt":21,"minecraft:cobweb":4,"minecraft:gold_ore":16,"minecraft:oak_leaves":4,"minecraft:horn_coral_block":10},"minecraft:dropped":{"minecraft:iron_sword":3,"minecraft:oak_slab":1,"minecraft:oak_log":21,"minecraft:diamond_leggings":1,"minecraft:iron_helmet":1,"minecraft:feather":1,"minecraft:cobblestone":8,"minecraft:copper_ingot":2,"minecraft:grass_block":1,"silentgear:blueprint_package":2,"minecraft:diorite":1,"minecraft:torch":1,"minecraft:iron_leggings":1,"minecraft:bone_meal":2,"minecraft:iron_axe":1,"minecraft:iron_pickaxe":1,"minecraft:string":4,"minecraft:bone":2,"minecraft:chicken":3,"minecraft:rotten_flesh":5,"minecraft:oak_planks":1,"minecraft:iron_boots":1,"minecraft:carrot":141,"minecraft:cobblestone_slab":5,"minecraft:melon_seeds":1,"minecraft:stone_pickaxe":1,"silentgear:dried_sinew":1,"minecraft:oak_leaves":1,"minecraft:splash_potion":3},"minecraft:used":{"minecraft:moss_block":57,"minecraft:writable_book":1,"minecraft:stone_sword":18,"minecraft:iron_shovel":119,"minecraft:stone_shovel":28,"minecraft:diamond_hoe":96,"minecraft:chest":25,"minecraft:iron_sword":16,"minecraft:shield":16,"minecraft:stone":1,"minecraft:wooden_shovel":73,"minecraft:iron_chestplate":3,"minecraft:torch":125,"minecraft:dirt":162,"minecraft:carrot":287,"minecraft:bricks":12,"minecraft:iron_axe":284,"minecraft:grass_block":67,"minecraft:birch_sapling":1,"minecraft:iron_helmet":5,"minecraft:iron_boots":4,"minecraft:melon_seeds":4,"undead_revamp2:huntereye":1,"minecraft:bamboo":25,"minecraft:golden_carrot":1,"minecraft:oak_sapling":11,"minecraft:furnace":2,"minecraft:egg":6,"minecraft:cobbled_deepslate":101,"minecraft:iron_leggings":4,"minecraft:water_bucket":4,"minecraft:cobblestone_stairs":25,"quark:cobblestone_bricks":125,"minecraft:polished_andesite":141,"minecraft:prismarine":1,"minecraft:oak_planks":198,"minecraft:cobblestone_slab":103,"minecraft:oak_leaves":2,"minecraft:oak_slab":49,"minecraft:crafting_table":4,"minecraft:mud":58,"quark:cobblestone_bricks_wall":72,"minecraft:dark_prismarine":1,"minecraft:iron_pickaxe":821,"minecraft:melon_slice":5,"minecraft:bread":1,"quark:cobblestone_bricks_stairs":2,"minecraft:stone_axe":40,"minecraft:wooden_sword":12,"minecraft:diamond_sword":30,"minecraft:cobblestone":427,"minecraft:cobbled_deepslate_slab":29,"minecraft:oak_boat":8,"minecraft:splash_potion":147,"minecraft:oak_trapdoor":39},"minecraft:broken":{"minecraft:iron_pickaxe":2},"minecraft:killed":{"rottencreatures:burned":1,"minecraft:spider":8,"undead_revamp2:bomber":1,"minecraft:pufferfish":1,"born_in_chaos_v1:maggot":5,"minecraft:skeleton":11,"born_in_chaos_v1:corpse_fish":1,"minecraft:drowned":1,"undead_revamp2:therod":1,"undead_revamp2:sucker":2,"undead_revamp2:thespitter":1,"undead_revamp2:the_moonflower":4,"minecraft:squid":1,"minecraft:creeper":6,"minecraft:zombie":16,"tinyskeletons:baby_skeleton":1,"enemyexpansion:botfly":1,"minecraft:stray":3,"undead_unleashed:haunter":1},"minecraft:custom":{"minecraft:mob_kills":72,"minecraft:animals_bred":14,"minecraft:interact_with_crafting_table":35,"minecraft:damage_dealt_resisted":447,"minecraft:leave_game":10,"minecraft:time_since_death":7537,"minecraft:damage_resisted":30,"minecraft:sprint_one_cm":722222,"minecraft:walk_one_cm":637536,"minecraft:damage_blocked_by_shield":120,"minecraft:drop":42,"minecraft:damage_dealt_absorbed":27,"minecraft:talked_to_villager":24,"minecraft:play_time":266726,"minecraft:sneak_time":6351,"minecraft:deaths":80,"minecraft:walk_under_water_one_cm":23104,"minecraft:boat_one_cm":288,"minecraft:jump":3127,"minecraft:walk_on_water_one_cm":3987,"minecraft:total_world_time":266726,"minecraft:interact_with_furnace":33,"minecraft:time_since_rest":7569,"minecraft:damage_taken":23314,"minecraft:damage_dealt":8815,"minecraft:fly_one_cm":1525020,"minecraft:open_chest":351,"minecraft:crouch_one_cm":11693,"minecraft:fall_one_cm":54290}},"DataVersion":3120}