{"stats":{"minecraft:killed_by":{"undead_revamp2:sucker":8,"undead_revamp2:the_moonflower":9,"enemyexpansion:equestrian":3,"john_mod_reborn:feral_baby_john_2":1,"undead_revamp2:thespitter":1,"minecraft:vindicator":1,"enemyexpansion:sprinter":1,"undead_revamp2:bomber":1,"minecraft:skeleton":3,"tinyskeletons:baby_skeleton":1,"john_mod_reborn:weeping_john":3,"minecraft:witch":3,"minecraft:zombie":4,"born_in_chaos_v1:corpse_fish":2,"undead_revamp2:thesmoker":1,"born_in_chaos_v1:maggot":2},"minecraft:crafted":{"minecraft:golden_carrot":13,"minecraft:brick":44,"minecraft:oak_planks":108,"minecraft:cobblestone_slab":6,"minecraft:stone_shovel":1,"minecraft:white_carpet":3,"minecraft:iron_boots":1,"minecraft:stone_pickaxe":1,"minecraft:bricks":11,"minecraft:crafting_table":2,"minecraft:iron_helmet":1,"minecraft:birch_planks":4,"minecraft:stone_axe":2,"minecraft:air":0,"minecraft:oak_boat":7,"minecraft:iron_chestplate":1,"minecraft:charcoal":43,"minecraft:gold_nugget":108,"minecraft:stick":44,"minecraft:andesite_slab":12,"minecraft:stone_sword":1,"minecraft:iron_leggings":1,"minecraft:torch":16},"minecraft:picked_up":{"minecraft:mud":402,"minecraft:iron_chestplate":5,"minecraft:wheat":3,"minecraft:chicken":4,"minecraft:clay_ball":36,"minecraft:brown_mushroom":1,"minecraft:diamond_sword":6,"minecraft:brick":6,"minecraft:shield":1,"silentgear:sinew":1,"minecraft:string":12,"minecraft:iron_axe":3,"minecraft:iron_leggings":3,"minecraft:white_carpet":3,"minecraft:gold_nugget":4,"minecraft:beef":9,"minecraft:oak_boat":12,"minecraft:cobblestone_slab":8,"minecraft:iron_pickaxe":9,"minecraft:chest":14,"minecraft:iron_boots":3,"minecraft:egg":7,"minecraft:stick":1,"minecraft:raw_iron":1,"minecraft:music_disc_mellohi":6,"minecraft:torch":20,"minecraft:carrot":471,"minecraft:redstone":5,"minecraft:rotten_flesh":56,"minecraft:stone_sword":6,"minecraft:arrow":10,"minecraft:stone_shovel":6,"minecraft:gold_ingot":48,"supplementaries:ash":2,"minecraft:white_wool":2,"minecraft:cobblestone":68,"minecraft:birch_log":2,"born_in_chaos_v1:corpse_maggot":4,"minecraft:feather":3,"minecraft:golden_carrot":99,"minecraft:water_bucket":5,"minecraft:leather":3,"silentgear:blueprint_package":1,"minecraft:flint":4,"minecraft:oak_log":124,"minecraft:gunpowder":8,"minecraft:dirt":208,"minecraft:bone":4,"minecraft:wheat_seeds":6,"minecraft:iron_ingot":120,"minecraft:stone_pickaxe":4,"minecraft:glowstone_dust":4,"minecraft:glass_bottle":8,"minecraft:iron_sword":11,"minecraft:oak_planks":24,"minecraft:gravel":33,"undead_unleashed:grave_metal_scrap":8,"minecraft:spider_eye":10,"minecraft:sugar":2,"minecraft:stone_axe":10,"minecraft:iron_helmet":5,"minecraft:bone_meal":7,"minecraft:oak_sapling":11,"born_in_chaos_v1:rotten_fish":83,"minecraft:melon_seeds":9,"minecraft:bricks":8,"minecraft:oak_leaves":1,"minecraft:andesite_slab":60},"minecraft:mined":{"minecraft:grass_block":45,"minecraft:carrots":1,"minecraft:fire":17,"minecraft:torch":2,"minecraft:chest":5,"minecraft:mud":9,"minecraft:grass":1,"minecraft:oak_log":26,"minecraft:gravel":10,"minecraft:dirt":1,"minecraft:cobweb":1,"minecraft:oak_leaves":2},"minecraft:dropped":{"minecraft:oak_slab":1,"minecraft:oak_log":21,"minecraft:feather":1,"minecraft:grass_block":1,"silentgear:blueprint_package":2,"minecraft:torch":1,"minecraft:chicken":3,"minecraft:rotten_flesh":1,"minecraft:cobblestone_slab":1,"minecraft:melon_seeds":1,"silentgear:dried_sinew":1,"minecraft:oak_leaves":1,"minecraft:splash_potion":3},"minecraft:used":{"minecraft:oak_trapdoor":39,"minecraft:stone_sword":14,"minecraft:stone_shovel":28,"minecraft:diamond_hoe":96,"minecraft:chest":23,"minecraft:shield":16,"minecraft:stone":1,"minecraft:iron_sword":16,"minecraft:wooden_shovel":26,"minecraft:iron_chestplate":3,"minecraft:torch":104,"minecraft:dirt":149,"minecraft:carrot":188,"minecraft:grass_block":67,"minecraft:iron_axe":21,"minecraft:iron_helmet":4,"minecraft:iron_boots":4,"minecraft:melon_seeds":4,"minecraft:bamboo":25,"minecraft:golden_carrot":1,"minecraft:furnace":2,"minecraft:oak_sapling":11,"minecraft:cobbled_deepslate":101,"minecraft:iron_leggings":4,"minecraft:water_bucket":4,"minecraft:cobblestone_stairs":25,"quark:cobblestone_bricks":125,"minecraft:polished_andesite":141,"minecraft:oak_planks":197,"minecraft:cobblestone_slab":103,"minecraft:oak_leaves":2,"minecraft:oak_slab":49,"minecraft:crafting_table":4,"minecraft:mud":22,"quark:cobblestone_bricks_wall":72,"quark:cobblestone_bricks_stairs":2,"minecraft:stone_axe":36,"minecraft:diamond_sword":30,"minecraft:cobblestone":426,"minecraft:cobbled_deepslate_slab":29,"minecraft:oak_boat":6,"minecraft:splash_potion":147},"minecraft:killed":{"rottencreatures:burned":1,"minecraft:spider":3,"undead_revamp2:bomber":1,"born_in_chaos_v1:maggot":4,"minecraft:skeleton":9,"born_in_chaos_v1:corpse_fish":1,"undead_revamp2:sucker":1,"undead_revamp2:thespitter":1,"undead_revamp2:the_moonflower":3,"minecraft:creeper":5,"minecraft:zombie":10,"tinyskeletons:baby_skeleton":1,"enemyexpansion:botfly":1},"minecraft:custom":{"minecraft:mob_kills":46,"minecraft:interact_with_crafting_table":21,"minecraft:damage_dealt_resisted":5,"minecraft:leave_game":7,"minecraft:time_since_death":2738,"minecraft:damage_resisted":30,"minecraft:sprint_one_cm":376309,"minecraft:walk_one_cm":336184,"minecraft:damage_blocked_by_shield":120,"minecraft:drop":17,"minecraft:damage_dealt_absorbed":22,"minecraft:play_time":161238,"minecraft:deaths":53,"minecraft:sneak_time":2963,"minecraft:walk_under_water_one_cm":22218,"minecraft:boat_one_cm":288,"minecraft:jump":1493,"minecraft:walk_on_water_one_cm":3501,"minecraft:total_world_time":161238,"minecraft:interact_with_furnace":20,"minecraft:time_since_rest":2769,"minecraft:damage_taken":14376,"minecraft:damage_dealt":4753,"minecraft:fly_one_cm":1172886,"minecraft:open_chest":186,"minecraft:crouch_one_cm":4563,"minecraft:fall_one_cm":39888}},"DataVersion":3120}