{"stats":{"minecraft:killed_by":{"undead_revamp2:sucker":14,"minecraft:wolf":1,"undead_revamp2:the_moonflower":10,"minecraft:creeper":4,"minecraft:spider":1,"enemyexpansion:equestrian":3,"john_mod_reborn:feral_baby_john_2":1,"undead_revamp2:thespitter":1,"minecraft:vindicator":1,"enemyexpansion:sprinter":1,"undead_revamp2:bomber":1,"minecraft:skeleton":6,"tinyskeletons:baby_skeleton":2,"john_mod_reborn:weeping_john":3,"minecraft:witch":3,"minecraft:zombie":6,"born_in_chaos_v1:corpse_fish":2,"undead_revamp2:thesmoker":1,"john_mod_reborn:hugging_john":1,"born_in_chaos_v1:maggot":3},"minecraft:crafted":{"minecraft:golden_carrot":13,"minecraft:brick":64,"minecraft:wooden_sword":1,"minecraft:oak_planks":120,"minecraft:cobblestone_slab":6,"minecraft:stone_shovel":1,"minecraft:white_carpet":3,"minecraft:iron_boots":1,"minecraft:iron_axe":1,"minecraft:stone_pickaxe":1,"minecraft:bricks":16,"minecraft:wooden_shovel":1,"minecraft:crafting_table":2,"minecraft:iron_helmet":1,"minecraft:birch_planks":4,"minecraft:stone_axe":2,"minecraft:air":0,"minecraft:oak_boat":7,"minecraft:iron_chestplate":1,"minecraft:cobblestone":1,"minecraft:charcoal":53,"minecraft:gold_nugget":108,"minecraft:stick":60,"minecraft:andesite_slab":12,"minecraft:iron_ingot":15,"minecraft:iron_pickaxe":3,"minecraft:stone_sword":2,"minecraft:iron_shovel":1,"minecraft:iron_leggings":1,"minecraft:torch":28},"minecraft:picked_up":{"minecraft:mud":511,"minecraft:charcoal":11,"minecraft:iron_chestplate":5,"minecraft:wheat":3,"minecraft:chicken":6,"minecraft:clay_ball":36,"minecraft:brown_mushroom":1,"minecraft:diamond_sword":6,"minecraft:wooden_pickaxe":3,"minecraft:shield":1,"minecraft:brick":6,"minecraft:music_disc_cat":1,"silentgear:sinew":1,"minecraft:string":31,"minecraft:iron_axe":9,"minecraft:wooden_sword":6,"minecraft:iron_leggings":4,"minecraft:white_carpet":3,"minecraft:diamond_leggings":1,"minecraft:gold_nugget":4,"improvableskills:scroll_normal":2,"minecraft:beef":9,"minecraft:oak_boat":13,"minecraft:cobblestone_slab":12,"minecraft:wooden_shovel":2,"minecraft:iron_pickaxe":14,"minecraft:chest":19,"minecraft:iron_boots":4,"minecraft:egg":22,"minecraft:tipped_arrow":4,"minecraft:stick":101,"minecraft:raw_iron":25,"minecraft:copper_ingot":2,"minecraft:torch":27,"minecraft:music_disc_mellohi":7,"minecraft:diorite":17,"minecraft:carrot":875,"minecraft:redstone":25,"minecraft:stone_sword":6,"minecraft:arrow":59,"minecraft:stone_shovel":6,"minecraft:rotten_flesh":241,"minecraft:gold_ingot":48,"supplementaries:ash":11,"minecraft:snowball":67,"minecraft:white_wool":2,"minecraft:cobblestone":162,"minecraft:birch_log":18,"born_in_chaos_v1:corpse_maggot":6,"minecraft:feather":11,"minecraft:golden_carrot":99,"minecraft:water_bucket":5,"minecraft:andesite":16,"minecraft:leather":3,"silentgear:blueprint_package":1,"minecraft:flint":7,"savage_and_ravage:creeper_spores":51,"minecraft:oak_log":132,"minecraft:gunpowder":122,"minecraft:dirt":281,"minecraft:bone":140,"minecraft:wheat_seeds":6,"minecraft:raw_gold":1,"minecraft:iron_ingot":122,"minecraft:stone_pickaxe":8,"minecraft:glass_bottle":25,"minecraft:glowstone_dust":18,"minecraft:moss_block":71,"minecraft:iron_sword":15,"minecraft:oak_planks":92,"minecraft:gravel":45,"undead_unleashed:grave_metal_scrap":34,"minecraft:spruce_sapling":1,"minecraft:spruce_log":13,"minecraft:dark_oak_log":4,"minecraft:spider_eye":27,"minecraft:sugar":10,"minecraft:slime_ball":4,"minecraft:stone_axe":13,"minecraft:iron_helmet":11,"minecraft:granite":15,"minecraft:bone_meal":134,"minecraft:bread":1,"minecraft:oak_sapling":11,"born_in_chaos_v1:rotten_fish":603,"minecraft:melon_seeds":9,"minecraft:bricks":9,"minecraft:oak_leaves":1,"minecraft:coal":16,"minecraft:andesite_slab":60,"minecraft:hopper":1},"minecraft:mined":{"minecraft:dark_oak_log":10,"minecraft:granite":32,"minecraft:grass_block":88,"minecraft:moss_block":10,"minecraft:hopper":1,"minecraft:carrots":1,"minecraft:iron_ore":29,"minecraft:fire":20,"minecraft:andesite":32,"minecraft:pumpkin":5,"minecraft:cobblestone_slab":6,"minecraft:packed_ice":11,"minecraft:stone":190,"minecraft:snow_block":7,"minecraft:torch":2,"minecraft:melon":8,"minecraft:chest":21,"minecraft:bricks":1,"minecraft:oak_planks":2,"minecraft:diorite":31,"minecraft:mud":12,"minecraft:birch_log":32,"minecraft:spruce_log":16,"minecraft:grass":1,"minecraft:oak_log":70,"minecraft:coal_ore":38,"minecraft:gravel":38,"minecraft:dirt":21,"minecraft:cobweb":4,"minecraft:gold_ore":4,"minecraft:oak_leaves":4},"minecraft:dropped":{"minecraft:iron_sword":3,"minecraft:oak_slab":1,"minecraft:oak_log":21,"minecraft:diamond_leggings":1,"minecraft:iron_helmet":1,"minecraft:feather":1,"minecraft:cobblestone":8,"minecraft:copper_ingot":2,"minecraft:grass_block":1,"silentgear:blueprint_package":2,"minecraft:diorite":1,"minecraft:torch":1,"minecraft:iron_leggings":1,"minecraft:bone_meal":2,"minecraft:iron_axe":1,"minecraft:iron_pickaxe":1,"minecraft:string":4,"minecraft:bone":2,"minecraft:chicken":3,"minecraft:rotten_flesh":5,"minecraft:oak_planks":1,"minecraft:iron_boots":1,"minecraft:carrot":141,"minecraft:cobblestone_slab":5,"minecraft:melon_seeds":1,"minecraft:stone_pickaxe":1,"silentgear:dried_sinew":1,"minecraft:oak_leaves":1,"minecraft:splash_potion":3},"minecraft:used":{"minecraft:oak_trapdoor":39,"minecraft:moss_block":56,"minecraft:stone_sword":18,"minecraft:iron_shovel":26,"minecraft:stone_shovel":28,"minecraft:diamond_hoe":96,"minecraft:chest":25,"minecraft:iron_sword":16,"minecraft:shield":16,"minecraft:stone":1,"minecraft:wooden_shovel":73,"minecraft:iron_chestplate":3,"minecraft:torch":125,"minecraft:dirt":162,"minecraft:carrot":277,"minecraft:bricks":12,"minecraft:iron_axe":190,"minecraft:grass_block":67,"minecraft:birch_sapling":1,"minecraft:iron_helmet":5,"minecraft:iron_boots":4,"minecraft:melon_seeds":4,"undead_revamp2:huntereye":1,"minecraft:bamboo":25,"minecraft:golden_carrot":1,"minecraft:oak_sapling":11,"minecraft:furnace":2,"minecraft:egg":2,"minecraft:cobbled_deepslate":101,"minecraft:iron_leggings":4,"minecraft:water_bucket":4,"minecraft:cobblestone_stairs":25,"quark:cobblestone_bricks":125,"minecraft:polished_andesite":141,"minecraft:oak_planks":198,"minecraft:cobblestone_slab":103,"minecraft:oak_leaves":2,"minecraft:oak_slab":49,"minecraft:crafting_table":4,"minecraft:mud":58,"quark:cobblestone_bricks_wall":72,"minecraft:melon_slice":5,"minecraft:bread":1,"minecraft:iron_pickaxe":405,"quark:cobblestone_bricks_stairs":2,"minecraft:stone_axe":40,"minecraft:wooden_sword":12,"minecraft:diamond_sword":30,"minecraft:cobblestone":427,"minecraft:cobbled_deepslate_slab":29,"minecraft:oak_boat":7,"minecraft:splash_potion":147},"minecraft:broken":{"minecraft:iron_pickaxe":1},"minecraft:killed":{"rottencreatures:burned":1,"minecraft:spider":8,"undead_revamp2:bomber":1,"born_in_chaos_v1:maggot":5,"minecraft:skeleton":11,"undead_revamp2:therod":1,"born_in_chaos_v1:corpse_fish":1,"undead_revamp2:sucker":2,"undead_revamp2:thespitter":1,"undead_revamp2:the_moonflower":4,"minecraft:creeper":6,"minecraft:zombie":16,"tinyskeletons:baby_skeleton":1,"enemyexpansion:botfly":1,"minecraft:stray":3,"undead_unleashed:haunter":1},"minecraft:custom":{"minecraft:mob_kills":69,"minecraft:interact_with_crafting_table":33,"minecraft:damage_dealt_resisted":6,"minecraft:leave_game":8,"minecraft:time_since_death":5556,"minecraft:damage_resisted":30,"minecraft:sprint_one_cm":655737,"minecraft:walk_one_cm":564791,"minecraft:damage_blocked_by_shield":120,"minecraft:drop":42,"minecraft:damage_dealt_absorbed":27,"minecraft:talked_to_villager":17,"minecraft:play_time":235178,"minecraft:sneak_time":5819,"minecraft:deaths":76,"minecraft:walk_under_water_one_cm":23104,"minecraft:boat_one_cm":288,"minecraft:jump":2808,"minecraft:walk_on_water_one_cm":3865,"minecraft:total_world_time":235178,"minecraft:interact_with_furnace":33,"minecraft:time_since_rest":5588,"minecraft:damage_taken":21604,"minecraft:damage_dealt":8169,"minecraft:fly_one_cm":1473651,"minecraft:open_chest":305,"minecraft:crouch_one_cm":10653,"minecraft:fall_one_cm":51480}},"DataVersion":3120}