{"stats":{"minecraft:killed_by":{"undead_revamp2:sucker":8,"undead_revamp2:the_moonflower":3,"tinyskeletons:baby_skeleton":1,"born_in_chaos_v1:corpse_fish":2},"minecraft:picked_up":{"minecraft:birch_log":2,"born_in_chaos_v1:corpse_maggot":4,"minecraft:iron_chestplate":1,"minecraft:water_bucket":2,"minecraft:brown_mushroom":1,"minecraft:diamond_sword":1,"silentgear:blueprint_package":1,"minecraft:flint":1,"minecraft:oak_log":19,"minecraft:shield":1,"minecraft:dirt":70,"minecraft:iron_axe":3,"minecraft:wheat_seeds":6,"minecraft:iron_pickaxe":2,"minecraft:chest":9,"minecraft:iron_sword":9,"minecraft:egg":2,"minecraft:raw_iron":1,"minecraft:torch":13,"minecraft:gravel":18,"minecraft:carrot":227,"minecraft:rotten_flesh":1,"minecraft:oak_sapling":3,"minecraft:melon_seeds":9,"minecraft:oak_leaves":1,"minecraft:cobblestone":11},"minecraft:mined":{"minecraft:torch":1,"minecraft:grass_block":23,"minecraft:chest":4,"minecraft:carrots":1,"minecraft:fire":7,"minecraft:grass":1,"minecraft:oak_log":14,"minecraft:gravel":6},"minecraft:dropped":{"minecraft:oak_slab":1,"minecraft:rotten_flesh":1,"minecraft:grass_block":1,"silentgear:blueprint_package":2,"minecraft:cobblestone_slab":1,"minecraft:torch":1,"minecraft:melon_seeds":1,"silentgear:dried_sinew":1,"minecraft:oak_leaves":1,"minecraft:splash_potion":3},"minecraft:used":{"minecraft:oak_trapdoor":39,"minecraft:water_bucket":4,"minecraft:cobblestone_stairs":25,"quark:cobblestone_bricks":125,"minecraft:polished_andesite":141,"minecraft:diamond_hoe":96,"minecraft:oak_planks":197,"minecraft:chest":23,"minecraft:shield":16,"minecraft:stone":1,"minecraft:iron_sword":16,"minecraft:wooden_shovel":26,"minecraft:cobblestone_slab":103,"minecraft:iron_chestplate":1,"minecraft:oak_leaves":2,"minecraft:torch":98,"minecraft:dirt":141,"minecraft:oak_slab":49,"minecraft:crafting_table":2,"minecraft:carrot":168,"quark:cobblestone_bricks_wall":72,"minecraft:grass_block":67,"minecraft:iron_axe":21,"quark:cobblestone_bricks_stairs":2,"minecraft:melon_seeds":4,"minecraft:bamboo":25,"minecraft:diamond_sword":2,"minecraft:cobblestone":422,"minecraft:cobbled_deepslate_slab":29,"minecraft:furnace":2,"minecraft:oak_sapling":10,"minecraft:cobbled_deepslate":101,"minecraft:splash_potion":147},"minecraft:killed":{"rottencreatures:burned":1,"undead_revamp2:bomber":1,"minecraft:creeper":5,"born_in_chaos_v1:maggot":4,"minecraft:skeleton":8,"tinyskeletons:baby_skeleton":1,"minecraft:zombie":7,"born_in_chaos_v1:corpse_fish":1,"undead_revamp2:sucker":1},"minecraft:custom":{"minecraft:mob_kills":30,"minecraft:leave_game":5,"minecraft:time_since_death":0,"minecraft:damage_resisted":30,"minecraft:time_since_rest":360,"minecraft:sprint_one_cm":103268,"minecraft:damage_taken":4887,"minecraft:walk_one_cm":143339,"minecraft:damage_blocked_by_shield":120,"minecraft:drop":13,"minecraft:damage_dealt":1066,"minecraft:fly_one_cm":921265,"minecraft:open_chest":102,"minecraft:crouch_one_cm":4213,"minecraft:play_time":104294,"minecraft:deaths":17,"minecraft:sneak_time":2834,"minecraft:walk_under_water_one_cm":114,"minecraft:jump":521,"minecraft:walk_on_water_one_cm":1811,"minecraft:total_world_time":104294,"minecraft:fall_one_cm":15958}},"DataVersion":3120}