{"stats":{"minecraft:killed_by":{"minecraft:player":1,"undead_revamp2:the_moonflower":1,"minecraft:creeper":1},"minecraft:crafted":{"minecraft:oak_planks":128,"minecraft:crafting_table":2,"minecraft:spruce_planks":32,"minecraft:wooden_pickaxe":1,"minecraft:iron_helmet":1,"minecraft:iron_sword":1,"minecraft:birch_planks":84,"minecraft:stone_axe":1,"minecraft:air":0,"minecraft:jungle_planks":40,"minecraft:iron_chestplate":1,"minecraft:iron_boots":1,"minecraft:iron_axe":1,"minecraft:stick":72,"minecraft:iron_ingot":48,"minecraft:stone_pickaxe":1,"minecraft:iron_pickaxe":1,"minecraft:wooden_axe":1,"minecraft:iron_leggings":2,"minecraft:diamond_chestplate":1},"minecraft:picked_up":{"minecraft:wooden_axe":1,"minecraft:birch_log":18,"minecraft:iron_chestplate":3,"minecraft:feather":4,"minecraft:chicken":4,"silentgear:spear_blueprint":1,"minecraft:clay_ball":128,"minecraft:water_bucket":1,"minecraft:jungle_log":14,"minecraft:leather":5,"minecraft:birch_planks":66,"minecraft:flint":1,"minecraft:oak_log":57,"minecraft:shield":2,"silentgear:sinew":3,"minecraft:dirt":284,"minecraft:iron_axe":1,"minecraft:iron_leggings":1,"minecraft:iron_shovel":1,"minecraft:apple":15,"minecraft:raw_gold":2,"minecraft:beef":5,"minecraft:stone_pickaxe":1,"minecraft:iron_pickaxe":1,"minecraft:chest":9,"minecraft:melon_slice":78,"minecraft:birch_sapling":2,"minecraft:prismarine":2,"minecraft:iron_sword":1,"minecraft:oak_planks":60,"minecraft:iron_boots":2,"minecraft:egg":2,"minecraft:stick":54,"minecraft:raw_iron":2,"minecraft:pumpkin":12,"minecraft:torch":2,"minecraft:gravel":5,"minecraft:endermite_spawn_egg":1,"minecraft:porkchop":5,"minecraft:grass_block":2,"minecraft:carrot":101,"minecraft:redstone":18,"minecraft:dark_oak_log":1,"minecraft:mossy_cobblestone":45,"minecraft:dark_prismarine":1,"minecraft:iron_hoe":1,"minecraft:pumpkin_seeds":1,"minecraft:rotten_flesh":1,"minecraft:diamond":1,"minecraft:stone_axe":1,"minecraft:iron_helmet":1,"minecraft:emerald":2,"minecraft:oak_sapling":1,"minecraft:mutton":4,"minecraft:coal":2,"minecraft:white_wool":3,"minecraft:cobblestone":29},"minecraft:mined":{"minecraft:podzol":18,"minecraft:dark_prismarine":1,"minecraft:diamond_ore":3,"minecraft:spruce_planks":2,"minecraft:mossy_cobblestone":67,"minecraft:orange_terracotta":3,"minecraft:dark_oak_log":1,"minecraft:clay":28,"minecraft:light_gray_terracotta":1,"minecraft:acacia_log":4,"minecraft:grass_block":139,"minecraft:melon":10,"minecraft:chest":9,"minecraft:jungle_log":15,"minecraft:cobblestone":42,"minecraft:sandstone":3,"minecraft:oak_planks":4,"minecraft:white_terracotta":2,"minecraft:red_terracotta":1,"minecraft:redstone_ore":7,"minecraft:carrots":13,"minecraft:fire":3,"minecraft:birch_log":18,"minecraft:iron_ore":2,"minecraft:pumpkin":11,"minecraft:coal_ore":3,"minecraft:oak_log":36,"minecraft:sand":1,"minecraft:dirt":9,"minecraft:brown_terracotta":4,"minecraft:stone":2,"minecraft:gold_ore":3,"minecraft:oak_leaves":5,"minecraft:yellow_terracotta":5},"minecraft:dropped":{"minecraft:birch_sapling":1,"minecraft:rotten_flesh":1,"minecraft:iron_hoe":1,"minecraft:leather":1,"silentgear:sinew":2,"minecraft:carrot":29,"minecraft:pumpkin_seeds":1,"minecraft:dirt":1,"minecraft:shield":1,"minecraft:wooden_axe":1,"minecraft:chest":1,"minecraft:iron_leggings":1,"minecraft:pumpkin":7,"minecraft:iron_axe":1,"minecraft:wooden_pickaxe":1,"minecraft:iron_pickaxe":1},"minecraft:used":{"minecraft:tropical_fish":1,"minecraft:stone_pickaxe":7,"minecraft:oak_planks":11,"minecraft:chest":4,"minecraft:spruce_planks":8,"minecraft:wooden_pickaxe":8,"minecraft:iron_sword":18,"minecraft:torch":1,"minecraft:mossy_cobblestone":28,"minecraft:dirt":13,"minecraft:crafting_table":2,"minecraft:carrot":12,"minecraft:endermite_spawn_egg":1,"minecraft:wooden_axe":32,"minecraft:apple":1,"minecraft:chicken":2,"minecraft:melon_slice":2,"minecraft:iron_axe":33,"minecraft:iron_pickaxe":159,"minecraft:stone_axe":78,"minecraft:cobblestone":1,"minecraft:oak_sapling":3,"minecraft:bone_meal":5,"minecraft:pumpkin":3},"minecraft:killed":{"minecraft:vex":2,"minecraft:pig":3,"john_mod_reborn:john":1,"minecraft:sheep":3,"minecraft:llama":1,"minecraft:chicken":4,"undead_revamp2:thebidy":1,"minecraft:cow":2},"minecraft:custom":{"minecraft:interact_with_furnace":25,"minecraft:mob_kills":16,"minecraft:interact_with_crafting_table":13,"minecraft:damage_dealt_resisted":2,"minecraft:leave_game":6,"minecraft:time_since_death":11501,"minecraft:damage_resisted":90,"minecraft:time_since_rest":11529,"minecraft:sprint_one_cm":154681,"minecraft:damage_taken":2878,"minecraft:walk_one_cm":161880,"minecraft:drop":51,"minecraft:damage_dealt":2419,"minecraft:damage_dealt_absorbed":8,"minecraft:player_kills":3,"minecraft:fly_one_cm":98784,"minecraft:open_chest":100,"minecraft:crouch_one_cm":15334,"minecraft:play_time":57738,"minecraft:deaths":7,"minecraft:sneak_time":10406,"minecraft:jump":345,"minecraft:walk_on_water_one_cm":55,"minecraft:total_world_time":57738,"minecraft:fall_one_cm":2998}},"DataVersion":3120}