{"stats":{"minecraft:killed_by":{"undead_revamp2:sucker":1,"minecraft:player":3,"undead_revamp2:the_moonflower":1,"minecraft:creeper":3,"minecraft:zombie":1},"minecraft:crafted":{"minecraft:oak_planks":292,"minecraft:iron_boots":3,"minecraft:iron_axe":1,"minecraft:stone_pickaxe":1,"minecraft:dark_oak_planks":8,"minecraft:crafting_table":2,"minecraft:spruce_planks":32,"minecraft:wooden_pickaxe":1,"minecraft:iron_helmet":3,"minecraft:iron_sword":2,"minecraft:birch_planks":88,"minecraft:stone_axe":1,"minecraft:air":0,"minecraft:jungle_planks":40,"minecraft:iron_chestplate":3,"minecraft:stick":316,"minecraft:iron_pickaxe":7,"minecraft:iron_ingot":109,"minecraft:wooden_axe":1,"minecraft:iron_leggings":4,"minecraft:acacia_planks":8,"minecraft:diamond_chestplate":1},"minecraft:picked_up":{"minecraft:wooden_axe":1,"minecraft:iron_chestplate":4,"minecraft:chicken":4,"minecraft:clay_ball":128,"silentgear:spear_blueprint":1,"minecraft:shield":2,"silentgear:sinew":3,"minecraft:iron_axe":1,"minecraft:iron_leggings":3,"minecraft:iron_shovel":1,"minecraft:red_sand":55,"minecraft:beef":5,"minecraft:iron_pickaxe":2,"minecraft:melon_slice":78,"minecraft:chest":10,"minecraft:birch_sapling":2,"minecraft:iron_boots":2,"minecraft:egg":2,"minecraft:sandstone":6,"minecraft:stick":74,"minecraft:raw_iron":5,"minecraft:music_disc_blocks":1,"minecraft:brown_terracotta":15,"minecraft:torch":5,"minecraft:acacia_log":3,"minecraft:porkchop":5,"minecraft:carrot":143,"minecraft:redstone":68,"minecraft:arrow":4,"minecraft:rotten_flesh":9,"minecraft:yellow_terracotta":15,"minecraft:white_terracotta":5,"minecraft:mutton":4,"minecraft:snowball":16,"minecraft:white_wool":3,"minecraft:cobblestone":30,"minecraft:birch_log":19,"minecraft:feather":4,"minecraft:water_bucket":1,"minecraft:jungle_log":14,"minecraft:leather":5,"minecraft:birch_planks":66,"minecraft:flint":1,"minecraft:oak_log":57,"minecraft:paper":3,"minecraft:lapis_lazuli":13,"minecraft:dirt":285,"minecraft:orange_terracotta":13,"minecraft:apple":15,"minecraft:red_sandstone":40,"minecraft:raw_gold":2,"minecraft:iron_ingot":20,"minecraft:stone_pickaxe":1,"minecraft:prismarine":2,"minecraft:oak_planks":60,"minecraft:iron_sword":1,"minecraft:book":4,"minecraft:pumpkin":12,"minecraft:gravel":5,"minecraft:dead_fire_coral_block":1,"minecraft:endermite_spawn_egg":1,"minecraft:sand":21,"minecraft:ink_sac":3,"minecraft:grass_block":2,"minecraft:red_terracotta":6,"minecraft:dark_oak_log":1,"minecraft:mossy_cobblestone":46,"minecraft:dark_prismarine":1,"minecraft:iron_hoe":1,"minecraft:light_gray_terracotta":1,"minecraft:pumpkin_seeds":1,"minecraft:diamond":1,"minecraft:stone_axe":1,"minecraft:iron_helmet":4,"minecraft:emerald":10,"minecraft:terracotta":16,"minecraft:oak_sapling":1,"minecraft:coal":8},"minecraft:mined":{"minecraft:yellow_terracotta":20,"minecraft:dark_prismarine":1,"minecraft:diamond_ore":3,"minecraft:spruce_planks":2,"minecraft:mossy_cobblestone":70,"minecraft:dark_oak_log":1,"minecraft:red_sand":57,"minecraft:acacia_log":8,"minecraft:grass_block":140,"minecraft:jungle_log":15,"minecraft:sandstone":6,"minecraft:redstone_ore":19,"minecraft:carrots":31,"minecraft:red_sandstone":41,"minecraft:iron_ore":6,"minecraft:fire":7,"minecraft:pumpkin":11,"minecraft:stone":3,"minecraft:fire_coral_block":1,"minecraft:podzol":18,"minecraft:orange_terracotta":24,"minecraft:clay":28,"minecraft:torch":2,"minecraft:light_gray_terracotta":2,"minecraft:emerald_ore":8,"minecraft:melon":10,"minecraft:chest":10,"minecraft:cobblestone":42,"minecraft:lapis_ore":2,"minecraft:oak_planks":4,"minecraft:diorite":1,"minecraft:white_terracotta":7,"minecraft:red_terracotta":6,"minecraft:birch_log":19,"minecraft:oak_log":36,"minecraft:coal_ore":10,"minecraft:sand":18,"minecraft:dirt":9,"minecraft:brown_terracotta":24,"minecraft:terracotta":22,"minecraft:gold_ore":3,"minecraft:oak_leaves":5},"minecraft:dropped":{"minecraft:wheat_seeds":11,"minecraft:cobblestone":1,"minecraft:book":4,"minecraft:leather":1,"minecraft:acacia_log":1,"silentgear:sinew":2,"minecraft:coal":3,"minecraft:dirt":2,"minecraft:ink_sac":3,"minecraft:torch":1,"minecraft:wooden_axe":1,"minecraft:seagrass":2,"minecraft:iron_leggings":1,"minecraft:pumpkin":7,"minecraft:sand":4,"minecraft:iron_axe":1,"minecraft:iron_pickaxe":1,"minecraft:paper":3,"minecraft:redstone":12,"minecraft:bone":2,"minecraft:music_disc_blocks":1,"minecraft:birch_sapling":1,"minecraft:rotten_flesh":9,"minecraft:iron_hoe":1,"minecraft:pumpkin_seeds":1,"minecraft:carrot":29,"minecraft:shield":1,"minecraft:chest":1,"minecraft:sandstone":3,"minecraft:arrow":2,"minecraft:wooden_pickaxe":1},"minecraft:used":{"minecraft:red_sand":31,"minecraft:tropical_fish":1,"minecraft:redstone":33,"minecraft:silverfish_spawn_egg":1,"minecraft:spruce_planks":8,"minecraft:chest":5,"minecraft:white_terracotta":3,"minecraft:iron_sword":23,"minecraft:torch":3,"minecraft:dirt":13,"minecraft:carrot":30,"minecraft:snowball":32,"minecraft:brown_terracotta":10,"minecraft:wooden_axe":32,"minecraft:iron_axe":33,"minecraft:oak_sapling":3,"minecraft:egg":1,"minecraft:acacia_planks":8,"minecraft:orange_terracotta":11,"minecraft:pumpkin":3,"minecraft:wheat_seeds":1,"minecraft:diorite":14,"minecraft:stone_pickaxe":7,"minecraft:oak_planks":11,"minecraft:wooden_pickaxe":8,"minecraft:mossy_cobblestone":28,"minecraft:sand":15,"minecraft:terracotta":9,"minecraft:yellow_terracotta":5,"minecraft:crafting_table":2,"minecraft:endermite_spawn_egg":1,"minecraft:red_sandstone":19,"minecraft:apple":1,"minecraft:chicken":2,"minecraft:melon_slice":2,"minecraft:iron_pickaxe":450,"minecraft:red_terracotta":6,"minecraft:stone_axe":78,"minecraft:cobblestone":1,"minecraft:bone_meal":5,"minecraft:experience_bottle":1},"minecraft:killed":{"minecraft:vex":2,"john_mod_reborn:john":1,"minecraft:chicken":4,"minecraft:llama":1,"undead_revamp2:thebidy":1,"minecraft:pig":3,"minecraft:sheep":3,"minecraft:cow":2},"minecraft:custom":{"minecraft:mob_kills":19,"minecraft:interact_with_crafting_table":27,"minecraft:damage_dealt_resisted":2,"minecraft:leave_game":6,"minecraft:time_since_death":1463,"minecraft:damage_resisted":90,"minecraft:sprint_one_cm":284799,"minecraft:walk_one_cm":286473,"minecraft:drop":100,"minecraft:damage_dealt_absorbed":8,"minecraft:talked_to_villager":3,"minecraft:play_time":93738,"minecraft:deaths":18,"minecraft:sneak_time":15304,"minecraft:walk_under_water_one_cm":14526,"minecraft:jump":647,"minecraft:walk_on_water_one_cm":954,"minecraft:total_world_time":93738,"minecraft:interact_with_furnace":77,"minecraft:time_since_rest":1496,"minecraft:damage_taken":6326,"minecraft:damage_dealt":3376,"minecraft:swim_one_cm":64,"minecraft:fly_one_cm":183430,"minecraft:player_kills":3,"minecraft:open_chest":157,"minecraft:crouch_one_cm":28970,"minecraft:fall_one_cm":6067}},"DataVersion":3120}