{"stats":{"minecraft:killed_by":{"undead_revamp2:sucker":1,"minecraft:player":3,"undead_revamp2:the_moonflower":1,"minecraft:creeper":1,"minecraft:zombie":1},"minecraft:crafted":{"minecraft:oak_planks":292,"minecraft:iron_boots":3,"minecraft:iron_axe":1,"minecraft:stone_pickaxe":1,"minecraft:dark_oak_planks":8,"minecraft:crafting_table":2,"minecraft:spruce_planks":32,"minecraft:wooden_pickaxe":1,"minecraft:iron_helmet":3,"minecraft:iron_sword":2,"minecraft:birch_planks":84,"minecraft:stone_axe":1,"minecraft:air":0,"minecraft:jungle_planks":40,"minecraft:iron_chestplate":3,"minecraft:stick":300,"minecraft:iron_pickaxe":5,"minecraft:iron_ingot":109,"minecraft:wooden_axe":1,"minecraft:iron_leggings":4,"minecraft:diamond_chestplate":1},"minecraft:picked_up":{"minecraft:wooden_axe":1,"minecraft:iron_chestplate":4,"minecraft:chicken":4,"minecraft:clay_ball":128,"silentgear:spear_blueprint":1,"minecraft:shield":2,"silentgear:sinew":3,"minecraft:iron_axe":1,"minecraft:iron_leggings":3,"minecraft:iron_shovel":1,"minecraft:red_sand":26,"minecraft:beef":5,"minecraft:iron_pickaxe":2,"minecraft:melon_slice":78,"minecraft:chest":9,"minecraft:birch_sapling":2,"minecraft:iron_boots":2,"minecraft:egg":2,"minecraft:sandstone":3,"minecraft:stick":68,"minecraft:raw_iron":4,"minecraft:brown_terracotta":4,"minecraft:torch":4,"minecraft:acacia_log":1,"minecraft:porkchop":5,"minecraft:carrot":125,"minecraft:redstone":56,"minecraft:arrow":4,"minecraft:rotten_flesh":9,"minecraft:yellow_terracotta":7,"minecraft:white_terracotta":2,"minecraft:mutton":4,"minecraft:snowball":16,"minecraft:white_wool":3,"minecraft:cobblestone":29,"minecraft:birch_log":18,"minecraft:feather":4,"minecraft:water_bucket":1,"minecraft:jungle_log":14,"minecraft:leather":5,"minecraft:birch_planks":66,"minecraft:flint":1,"minecraft:oak_log":57,"minecraft:lapis_lazuli":8,"minecraft:dirt":285,"minecraft:orange_terracotta":6,"minecraft:apple":15,"minecraft:red_sandstone":33,"minecraft:raw_gold":2,"minecraft:iron_ingot":20,"minecraft:stone_pickaxe":1,"minecraft:prismarine":2,"minecraft:oak_planks":60,"minecraft:iron_sword":1,"minecraft:pumpkin":12,"minecraft:gravel":5,"minecraft:dead_fire_coral_block":1,"minecraft:endermite_spawn_egg":1,"minecraft:sand":12,"minecraft:grass_block":2,"minecraft:red_terracotta":2,"minecraft:dark_oak_log":1,"minecraft:mossy_cobblestone":46,"minecraft:dark_prismarine":1,"minecraft:iron_hoe":1,"minecraft:pumpkin_seeds":1,"minecraft:diamond":1,"minecraft:stone_axe":1,"minecraft:iron_helmet":2,"minecraft:emerald":6,"minecraft:terracotta":9,"minecraft:oak_sapling":1,"minecraft:coal":7},"minecraft:mined":{"minecraft:yellow_terracotta":17,"minecraft:dark_prismarine":1,"minecraft:diamond_ore":3,"minecraft:spruce_planks":2,"minecraft:mossy_cobblestone":70,"minecraft:dark_oak_log":1,"minecraft:red_sand":33,"minecraft:acacia_log":5,"minecraft:grass_block":140,"minecraft:jungle_log":15,"minecraft:sandstone":6,"minecraft:redstone_ore":16,"minecraft:carrots":31,"minecraft:red_sandstone":33,"minecraft:iron_ore":5,"minecraft:fire":7,"minecraft:pumpkin":11,"minecraft:stone":2,"minecraft:fire_coral_block":1,"minecraft:podzol":18,"minecraft:orange_terracotta":11,"minecraft:clay":28,"minecraft:torch":1,"minecraft:light_gray_terracotta":1,"minecraft:emerald_ore":6,"minecraft:melon":10,"minecraft:chest":9,"minecraft:cobblestone":42,"minecraft:lapis_ore":1,"minecraft:oak_planks":4,"minecraft:white_terracotta":4,"minecraft:red_terracotta":3,"minecraft:birch_log":18,"minecraft:oak_log":36,"minecraft:coal_ore":9,"minecraft:sand":10,"minecraft:dirt":9,"minecraft:brown_terracotta":13,"minecraft:terracotta":15,"minecraft:gold_ore":3,"minecraft:oak_leaves":5},"minecraft:dropped":{"minecraft:wheat_seeds":11,"minecraft:leather":1,"silentgear:sinew":2,"minecraft:dirt":2,"minecraft:torch":1,"minecraft:wooden_axe":1,"minecraft:seagrass":2,"minecraft:iron_leggings":1,"minecraft:pumpkin":7,"minecraft:sand":4,"minecraft:iron_axe":1,"minecraft:iron_pickaxe":1,"minecraft:bone":2,"minecraft:birch_sapling":1,"minecraft:rotten_flesh":9,"minecraft:iron_hoe":1,"minecraft:pumpkin_seeds":1,"minecraft:carrot":29,"minecraft:shield":1,"minecraft:chest":1,"minecraft:arrow":2,"minecraft:wooden_pickaxe":1},"minecraft:used":{"minecraft:red_sand":7,"minecraft:tropical_fish":1,"minecraft:redstone":33,"minecraft:spruce_planks":8,"minecraft:chest":4,"minecraft:iron_sword":23,"minecraft:torch":2,"minecraft:dirt":13,"minecraft:carrot":24,"minecraft:snowball":32,"minecraft:wooden_axe":32,"minecraft:iron_axe":33,"minecraft:oak_sapling":3,"minecraft:egg":1,"minecraft:pumpkin":3,"minecraft:wheat_seeds":1,"minecraft:stone_pickaxe":7,"minecraft:oak_planks":11,"minecraft:wooden_pickaxe":8,"minecraft:mossy_cobblestone":28,"minecraft:crafting_table":2,"minecraft:endermite_spawn_egg":1,"minecraft:red_sandstone":12,"minecraft:apple":1,"minecraft:chicken":2,"minecraft:melon_slice":2,"minecraft:iron_pickaxe":354,"minecraft:stone_axe":78,"minecraft:cobblestone":1,"minecraft:bone_meal":5,"minecraft:experience_bottle":1},"minecraft:killed":{"minecraft:vex":2,"john_mod_reborn:john":1,"minecraft:chicken":4,"minecraft:llama":1,"undead_revamp2:thebidy":1,"minecraft:pig":3,"minecraft:sheep":3,"minecraft:cow":2},"minecraft:custom":{"minecraft:mob_kills":19,"minecraft:interact_with_crafting_table":24,"minecraft:damage_dealt_resisted":2,"minecraft:leave_game":6,"minecraft:time_since_death":5017,"minecraft:damage_resisted":90,"minecraft:sprint_one_cm":239996,"minecraft:walk_one_cm":249129,"minecraft:drop":82,"minecraft:damage_dealt_absorbed":8,"minecraft:talked_to_villager":1,"minecraft:play_time":81738,"minecraft:deaths":16,"minecraft:sneak_time":13417,"minecraft:walk_under_water_one_cm":4485,"minecraft:jump":564,"minecraft:walk_on_water_one_cm":681,"minecraft:total_world_time":81738,"minecraft:interact_with_furnace":75,"minecraft:time_since_rest":5054,"minecraft:damage_taken":5344,"minecraft:damage_dealt":3358,"minecraft:fly_one_cm":158439,"minecraft:player_kills":3,"minecraft:open_chest":142,"minecraft:crouch_one_cm":23118,"minecraft:fall_one_cm":5440}},"DataVersion":3120}