{"stats":{"minecraft:killed_by":{"undead_revamp2:sucker":1,"minecraft:player":2,"undead_revamp2:the_moonflower":1,"minecraft:creeper":1,"minecraft:zombie":1},"minecraft:crafted":{"minecraft:oak_planks":292,"minecraft:iron_boots":2,"minecraft:iron_axe":1,"minecraft:stone_pickaxe":1,"minecraft:dark_oak_planks":8,"minecraft:crafting_table":2,"minecraft:spruce_planks":32,"minecraft:wooden_pickaxe":1,"minecraft:iron_helmet":2,"minecraft:iron_sword":2,"minecraft:birch_planks":84,"minecraft:stone_axe":1,"minecraft:air":0,"minecraft:jungle_planks":40,"minecraft:iron_chestplate":2,"minecraft:stick":216,"minecraft:iron_pickaxe":3,"minecraft:iron_ingot":103,"minecraft:wooden_axe":1,"minecraft:iron_leggings":3,"minecraft:diamond_chestplate":1},"minecraft:picked_up":{"minecraft:wooden_axe":1,"minecraft:iron_chestplate":4,"minecraft:chicken":4,"minecraft:clay_ball":128,"silentgear:spear_blueprint":1,"minecraft:shield":2,"silentgear:sinew":3,"minecraft:iron_axe":1,"minecraft:iron_leggings":3,"minecraft:iron_shovel":1,"minecraft:red_sand":19,"minecraft:beef":5,"minecraft:iron_pickaxe":2,"minecraft:melon_slice":78,"minecraft:chest":9,"minecraft:birch_sapling":2,"minecraft:iron_boots":2,"minecraft:egg":2,"minecraft:sandstone":3,"minecraft:stick":68,"minecraft:raw_iron":3,"minecraft:torch":3,"minecraft:porkchop":5,"minecraft:carrot":101,"minecraft:redstone":54,"minecraft:rotten_flesh":1,"minecraft:yellow_terracotta":4,"minecraft:white_terracotta":2,"minecraft:mutton":4,"minecraft:snowball":16,"minecraft:white_wool":3,"minecraft:cobblestone":29,"minecraft:birch_log":18,"minecraft:feather":4,"minecraft:water_bucket":1,"minecraft:jungle_log":14,"minecraft:leather":5,"minecraft:birch_planks":66,"minecraft:flint":1,"minecraft:oak_log":57,"minecraft:dirt":284,"minecraft:orange_terracotta":2,"minecraft:apple":15,"minecraft:red_sandstone":6,"minecraft:raw_gold":2,"minecraft:iron_ingot":20,"minecraft:stone_pickaxe":1,"minecraft:prismarine":2,"minecraft:oak_planks":60,"minecraft:iron_sword":1,"minecraft:pumpkin":12,"minecraft:gravel":5,"minecraft:endermite_spawn_egg":1,"minecraft:grass_block":2,"minecraft:dark_oak_log":1,"minecraft:mossy_cobblestone":45,"minecraft:dark_prismarine":1,"minecraft:iron_hoe":1,"minecraft:pumpkin_seeds":1,"minecraft:diamond":1,"minecraft:stone_axe":1,"minecraft:iron_helmet":2,"minecraft:emerald":2,"minecraft:terracotta":4,"minecraft:oak_sapling":1,"minecraft:coal":4},"minecraft:mined":{"minecraft:yellow_terracotta":9,"minecraft:dark_prismarine":1,"minecraft:diamond_ore":3,"minecraft:spruce_planks":2,"minecraft:mossy_cobblestone":67,"minecraft:dark_oak_log":1,"minecraft:red_sand":24,"minecraft:acacia_log":4,"minecraft:grass_block":139,"minecraft:jungle_log":15,"minecraft:sandstone":6,"minecraft:redstone_ore":16,"minecraft:carrots":13,"minecraft:red_sandstone":7,"minecraft:iron_ore":3,"minecraft:fire":7,"minecraft:pumpkin":11,"minecraft:stone":2,"minecraft:podzol":18,"minecraft:orange_terracotta":6,"minecraft:clay":28,"minecraft:light_gray_terracotta":1,"minecraft:melon":10,"minecraft:chest":9,"minecraft:cobblestone":42,"minecraft:oak_planks":4,"minecraft:white_terracotta":4,"minecraft:red_terracotta":1,"minecraft:birch_log":18,"minecraft:oak_log":36,"minecraft:coal_ore":5,"minecraft:sand":1,"minecraft:dirt":9,"minecraft:brown_terracotta":6,"minecraft:terracotta":4,"minecraft:gold_ore":3,"minecraft:oak_leaves":5},"minecraft:dropped":{"minecraft:leather":1,"silentgear:sinew":2,"minecraft:dirt":1,"minecraft:torch":1,"minecraft:wooden_axe":1,"minecraft:iron_leggings":1,"minecraft:pumpkin":7,"minecraft:iron_axe":1,"minecraft:iron_pickaxe":1,"minecraft:birch_sapling":1,"minecraft:rotten_flesh":1,"minecraft:iron_hoe":1,"minecraft:pumpkin_seeds":1,"minecraft:carrot":29,"minecraft:shield":1,"minecraft:chest":1,"minecraft:wooden_pickaxe":1},"minecraft:used":{"minecraft:tropical_fish":1,"minecraft:spruce_planks":8,"minecraft:chest":4,"minecraft:iron_sword":23,"minecraft:torch":1,"minecraft:dirt":13,"minecraft:carrot":16,"minecraft:snowball":32,"minecraft:wooden_axe":32,"minecraft:iron_axe":33,"minecraft:oak_sapling":3,"minecraft:pumpkin":3,"minecraft:stone_pickaxe":7,"minecraft:oak_planks":11,"minecraft:wooden_pickaxe":8,"minecraft:mossy_cobblestone":28,"minecraft:crafting_table":2,"minecraft:endermite_spawn_egg":1,"minecraft:apple":1,"minecraft:chicken":2,"minecraft:melon_slice":2,"minecraft:iron_pickaxe":238,"minecraft:stone_axe":78,"minecraft:cobblestone":1,"minecraft:bone_meal":5},"minecraft:killed":{"minecraft:vex":2,"john_mod_reborn:john":1,"minecraft:chicken":4,"minecraft:llama":1,"undead_revamp2:thebidy":1,"minecraft:pig":3,"minecraft:sheep":3,"minecraft:cow":2},"minecraft:custom":{"minecraft:mob_kills":19,"minecraft:interact_with_crafting_table":20,"minecraft:damage_dealt_resisted":2,"minecraft:leave_game":6,"minecraft:time_since_death":1947,"minecraft:damage_resisted":90,"minecraft:sprint_one_cm":188847,"minecraft:walk_one_cm":203293,"minecraft:drop":52,"minecraft:damage_dealt_absorbed":8,"minecraft:play_time":69738,"minecraft:deaths":13,"minecraft:sneak_time":12287,"minecraft:walk_under_water_one_cm":474,"minecraft:jump":438,"minecraft:walk_on_water_one_cm":519,"minecraft:total_world_time":69738,"minecraft:interact_with_furnace":60,"minecraft:time_since_rest":1973,"minecraft:damage_taken":4284,"minecraft:damage_dealt":3211,"minecraft:fly_one_cm":124760,"minecraft:player_kills":3,"minecraft:open_chest":118,"minecraft:crouch_one_cm":20516,"minecraft:fall_one_cm":3741}},"DataVersion":3120}