{"stats":{"minecraft:killed_by":{"minecraft:player":1,"undead_revamp2:the_moonflower":1,"minecraft:creeper":1},"minecraft:crafted":{"minecraft:oak_planks":128,"minecraft:crafting_table":2,"minecraft:spruce_planks":32,"minecraft:wooden_pickaxe":1,"minecraft:iron_sword":1,"minecraft:birch_planks":84,"minecraft:stone_axe":1,"minecraft:air":0,"minecraft:jungle_planks":40,"minecraft:iron_axe":1,"minecraft:stick":72,"minecraft:iron_pickaxe":1,"minecraft:iron_ingot":33,"minecraft:stone_pickaxe":1,"minecraft:wooden_axe":1,"minecraft:iron_leggings":1,"minecraft:diamond_chestplate":1},"minecraft:picked_up":{"minecraft:wooden_axe":1,"minecraft:birch_log":18,"minecraft:iron_chestplate":3,"minecraft:feather":4,"minecraft:chicken":4,"silentgear:spear_blueprint":1,"minecraft:clay_ball":128,"minecraft:water_bucket":1,"minecraft:jungle_log":14,"minecraft:leather":4,"minecraft:birch_planks":66,"minecraft:flint":1,"minecraft:oak_log":57,"minecraft:shield":2,"silentgear:sinew":3,"minecraft:dirt":283,"minecraft:iron_axe":1,"minecraft:iron_leggings":1,"minecraft:iron_shovel":1,"minecraft:apple":15,"minecraft:raw_gold":2,"minecraft:beef":5,"minecraft:stone_pickaxe":1,"minecraft:iron_pickaxe":1,"minecraft:birch_sapling":2,"minecraft:melon_slice":78,"minecraft:prismarine":2,"minecraft:chest":9,"minecraft:iron_sword":1,"minecraft:oak_planks":60,"minecraft:iron_boots":2,"minecraft:egg":2,"minecraft:stick":54,"minecraft:raw_iron":2,"minecraft:pumpkin":12,"minecraft:torch":2,"minecraft:gravel":5,"minecraft:endermite_spawn_egg":1,"minecraft:porkchop":5,"minecraft:carrot":63,"minecraft:grass_block":2,"minecraft:redstone":18,"minecraft:dark_oak_log":1,"minecraft:mossy_cobblestone":44,"minecraft:dark_prismarine":1,"minecraft:iron_hoe":1,"minecraft:pumpkin_seeds":1,"minecraft:rotten_flesh":1,"minecraft:diamond":1,"minecraft:stone_axe":1,"minecraft:iron_helmet":1,"minecraft:emerald":2,"minecraft:oak_sapling":1,"minecraft:mutton":4,"minecraft:coal":2,"minecraft:white_wool":3,"minecraft:cobblestone":29},"minecraft:mined":{"minecraft:podzol":18,"minecraft:diamond_ore":1,"minecraft:mossy_cobblestone":45,"minecraft:dark_oak_log":1,"minecraft:clay":27,"minecraft:grass_block":131,"minecraft:melon":10,"minecraft:chest":9,"minecraft:jungle_log":12,"minecraft:cobblestone":29,"minecraft:oak_planks":4,"minecraft:redstone_ore":4,"minecraft:carrots":1,"minecraft:birch_log":18,"minecraft:fire":3,"minecraft:pumpkin":11,"minecraft:coal_ore":2,"minecraft:oak_log":36,"minecraft:dirt":8,"minecraft:stone":1,"minecraft:gold_ore":3,"minecraft:oak_leaves":5},"minecraft:dropped":{"minecraft:birch_sapling":1,"minecraft:rotten_flesh":1,"minecraft:iron_hoe":1,"silentgear:sinew":2,"minecraft:pumpkin_seeds":1,"minecraft:carrot":29,"minecraft:shield":1,"minecraft:wooden_axe":1,"minecraft:chest":1,"minecraft:iron_leggings":1,"minecraft:pumpkin":7,"minecraft:iron_axe":1,"minecraft:wooden_pickaxe":1,"minecraft:iron_pickaxe":1},"minecraft:used":{"minecraft:tropical_fish":1,"minecraft:stone_pickaxe":7,"minecraft:oak_planks":11,"minecraft:spruce_planks":8,"minecraft:chest":4,"minecraft:wooden_pickaxe":8,"minecraft:iron_sword":9,"minecraft:torch":1,"minecraft:mossy_cobblestone":13,"minecraft:dirt":13,"minecraft:crafting_table":2,"minecraft:carrot":10,"minecraft:endermite_spawn_egg":1,"minecraft:wooden_axe":32,"minecraft:apple":1,"minecraft:chicken":2,"minecraft:melon_slice":2,"minecraft:iron_axe":20,"minecraft:iron_pickaxe":81,"minecraft:stone_axe":78,"minecraft:cobblestone":1,"minecraft:oak_sapling":3,"minecraft:bone_meal":5,"minecraft:pumpkin":3},"minecraft:killed":{"minecraft:vex":2,"minecraft:pig":3,"john_mod_reborn:john":1,"minecraft:sheep":3,"minecraft:chicken":4,"undead_revamp2:thebidy":1,"minecraft:cow":2},"minecraft:custom":{"minecraft:interact_with_furnace":21,"minecraft:mob_kills":15,"minecraft:interact_with_crafting_table":11,"minecraft:damage_dealt_resisted":2,"minecraft:leave_game":5,"minecraft:time_since_death":5692,"minecraft:damage_resisted":90,"minecraft:time_since_rest":5720,"minecraft:sprint_one_cm":146766,"minecraft:damage_taken":2647,"minecraft:walk_one_cm":150454,"minecraft:drop":49,"minecraft:damage_dealt":1744,"minecraft:damage_dealt_absorbed":8,"minecraft:player_kills":2,"minecraft:fly_one_cm":93742,"minecraft:open_chest":99,"minecraft:crouch_one_cm":10608,"minecraft:play_time":51929,"minecraft:deaths":7,"minecraft:sneak_time":8124,"minecraft:jump":320,"minecraft:walk_on_water_one_cm":55,"minecraft:total_world_time":51929,"minecraft:fall_one_cm":2789}},"DataVersion":3120}