{"stats":{"minecraft:killed_by":{"minecraft:player":1,"undead_revamp2:the_moonflower":1,"minecraft:creeper":1},"minecraft:crafted":{"minecraft:oak_planks":128,"minecraft:crafting_table":1,"minecraft:wooden_pickaxe":1,"minecraft:birch_planks":84,"minecraft:stone_axe":1,"minecraft:stick":32,"minecraft:stone_pickaxe":1,"minecraft:wooden_axe":1,"minecraft:diamond_chestplate":1},"minecraft:picked_up":{"minecraft:wooden_axe":1,"minecraft:birch_log":18,"minecraft:iron_chestplate":2,"minecraft:feather":4,"minecraft:chicken":4,"minecraft:clay_ball":128,"minecraft:water_bucket":1,"silentgear:spear_blueprint":1,"minecraft:leather":4,"minecraft:birch_planks":66,"minecraft:flint":1,"minecraft:oak_log":56,"silentgear:sinew":3,"minecraft:dirt":282,"minecraft:apple":15,"minecraft:stone_pickaxe":1,"minecraft:beef":5,"minecraft:melon_slice":78,"minecraft:chest":8,"minecraft:birch_sapling":2,"minecraft:oak_planks":58,"minecraft:egg":2,"minecraft:stick":54,"minecraft:pumpkin":12,"minecraft:torch":1,"minecraft:gravel":5,"minecraft:porkchop":5,"minecraft:carrot":1,"minecraft:grass_block":2,"minecraft:pumpkin_seeds":1,"minecraft:rotten_flesh":1,"minecraft:stone_axe":1,"minecraft:oak_sapling":1,"minecraft:mutton":4,"minecraft:white_wool":3,"minecraft:cobblestone":11},"minecraft:mined":{"minecraft:podzol":18,"minecraft:clay":27,"minecraft:grass_block":130,"minecraft:melon":10,"minecraft:chest":8,"minecraft:cobblestone":9,"minecraft:oak_planks":2,"minecraft:carrots":1,"minecraft:birch_log":18,"minecraft:fire":3,"minecraft:pumpkin":11,"minecraft:oak_log":35,"minecraft:dirt":8,"minecraft:oak_leaves":5},"minecraft:dropped":{"minecraft:birch_sapling":1,"minecraft:rotten_flesh":1,"silentgear:sinew":2,"minecraft:pumpkin_seeds":1,"minecraft:wooden_axe":1,"minecraft:pumpkin":7,"minecraft:wooden_pickaxe":1},"minecraft:used":{"minecraft:stone_pickaxe":7,"minecraft:oak_planks":11,"minecraft:chest":4,"minecraft:wooden_pickaxe":8,"minecraft:dirt":13,"minecraft:crafting_table":1,"minecraft:wooden_axe":32,"minecraft:melon_slice":2,"minecraft:iron_pickaxe":1,"minecraft:stone_axe":76,"minecraft:cobblestone":1,"minecraft:oak_sapling":3,"minecraft:pumpkin":3,"minecraft:bone_meal":5},"minecraft:killed":{"minecraft:pig":3,"minecraft:sheep":3,"minecraft:chicken":4,"minecraft:cow":2},"minecraft:custom":{"minecraft:interact_with_furnace":1,"minecraft:mob_kills":12,"minecraft:interact_with_crafting_table":7,"minecraft:leave_game":4,"minecraft:time_since_death":3293,"minecraft:damage_resisted":90,"minecraft:time_since_rest":3318,"minecraft:sprint_one_cm":99582,"minecraft:damage_taken":2122,"minecraft:walk_one_cm":83955,"minecraft:drop":14,"minecraft:damage_dealt":1140,"minecraft:fly_one_cm":68984,"minecraft:player_kills":1,"minecraft:open_chest":57,"minecraft:crouch_one_cm":7116,"minecraft:play_time":34104,"minecraft:deaths":6,"minecraft:sneak_time":6273,"minecraft:jump":242,"minecraft:walk_on_water_one_cm":55,"minecraft:total_world_time":34104,"minecraft:fall_one_cm":2789}},"DataVersion":3120}