{"stats":{"minecraft:killed":{"minecraft:sheep":3,"minecraft:pig":3,"minecraft:chicken":4,"minecraft:cow":2},"minecraft:crafted":{"minecraft:oak_planks":128,"minecraft:crafting_table":1,"minecraft:stick":32,"minecraft:wooden_pickaxe":1,"minecraft:stone_pickaxe":1,"minecraft:wooden_axe":1,"minecraft:birch_planks":68,"minecraft:stone_axe":1},"minecraft:custom":{"minecraft:sprint_one_cm":77893,"minecraft:damage_taken":1538,"minecraft:walk_one_cm":71343,"minecraft:mob_kills":12,"minecraft:drop":13,"minecraft:damage_dealt":970,"minecraft:interact_with_crafting_table":6,"minecraft:fly_one_cm":55302,"minecraft:open_chest":43,"minecraft:crouch_one_cm":6796,"minecraft:play_time":29492,"minecraft:deaths":4,"minecraft:sneak_time":6171,"minecraft:jump":190,"minecraft:leave_game":3,"minecraft:time_since_death":9227,"minecraft:walk_on_water_one_cm":55,"minecraft:total_world_time":29492,"minecraft:damage_resisted":90,"minecraft:fall_one_cm":2245,"minecraft:time_since_rest":9279},"minecraft:used":{"minecraft:wooden_axe":32,"minecraft:melon_slice":2,"minecraft:stone_pickaxe":7,"minecraft:oak_planks":1,"minecraft:wooden_pickaxe":8,"minecraft:chest":4,"minecraft:stone_axe":76,"minecraft:dirt":13,"minecraft:crafting_table":1,"minecraft:oak_sapling":3,"minecraft:pumpkin":3,"minecraft:bone_meal":5},"minecraft:dropped":{"minecraft:wooden_axe":1,"minecraft:birch_sapling":1,"minecraft:pumpkin":7,"minecraft:wooden_pickaxe":1,"silentgear:sinew":2,"minecraft:pumpkin_seeds":1},"minecraft:mined":{"minecraft:podzol":18,"minecraft:carrots":1,"minecraft:birch_log":18,"minecraft:fire":3,"minecraft:pumpkin":11,"minecraft:clay":27,"minecraft:grass_block":130,"minecraft:oak_log":35,"minecraft:melon":10,"minecraft:chest":8,"minecraft:dirt":8,"minecraft:cobblestone":8,"minecraft:oak_planks":1,"minecraft:oak_leaves":5},"minecraft:picked_up":{"minecraft:wooden_axe":1,"minecraft:birch_log":18,"minecraft:stick":30,"minecraft:iron_chestplate":1,"minecraft:feather":4,"minecraft:chicken":4,"minecraft:clay_ball":128,"minecraft:pumpkin":12,"silentgear:spear_blueprint":1,"minecraft:leather":4,"minecraft:birch_planks":13,"minecraft:porkchop":5,"minecraft:oak_log":35,"minecraft:grass_block":2,"minecraft:carrot":1,"silentgear:sinew":3,"minecraft:dirt":216,"minecraft:pumpkin_seeds":1,"minecraft:apple":5,"minecraft:beef":5,"minecraft:oak_sapling":1,"minecraft:melon_slice":78,"minecraft:birch_sapling":2,"minecraft:chest":8,"minecraft:mutton":4,"minecraft:oak_planks":1,"minecraft:white_wool":3,"minecraft:cobblestone":8},"minecraft:killed_by":{"minecraft:player":1,"minecraft:creeper":1}},"DataVersion":3120}