{"stats":{"minecraft:killed_by":{"undead_revamp2:sucker":6,"undead_revamp2:the_moonflower":2,"minecraft:spider":1,"undead_revamp2:thesmoker":1,"undead_revamp2:thebeartamer":1},"minecraft:crafted":{"minecraft:oak_door":3,"minecraft:oak_planks":12,"minecraft:crafting_table":1},"minecraft:picked_up":{"minecraft:birch_log":48,"minecraft:mud":1,"minecraft:iron_chestplate":7,"minecraft:feather":16,"minecraft:chicken":4,"minecraft:clay_ball":228,"minecraft:water_bucket":2,"minecraft:andesite":42,"minecraft:leather":5,"minecraft:brown_mushroom":7,"minecraft:diamond_sword":1,"minecraft:red_mushroom":2,"minecraft:potato":1,"silentgear:blueprint_package":2,"minecraft:flint":11,"minecraft:oak_log":71,"undead_revamp2:huntereye":2,"minecraft:shield":5,"john_mod_reborn:freed_spirit":1,"minecraft:string":30,"minecraft:dirt":253,"minecraft:iron_axe":10,"minecraft:iron_leggings":5,"minecraft:iron_shovel":5,"minecraft:bone":4,"minecraft:apple":37,"minecraft:wheat_seeds":8,"minecraft:rabbit_hide":1,"minecraft:cobblestone_slab":5,"minecraft:iron_pickaxe":12,"minecraft:rabbit":1,"minecraft:melon_slice":125,"minecraft:iron_sword":11,"minecraft:chest":19,"minecraft:birch_sapling":4,"minecraft:oak_planks":188,"minecraft:iron_boots":11,"minecraft:stick":24,"minecraft:raw_iron":8,"minecraft:oak_door":1,"minecraft:pumpkin":13,"minecraft:copper_ingot":4,"minecraft:torch":107,"minecraft:gravel":40,"minecraft:spruce_sapling":2,"minecraft:diorite":6,"minecraft:grass_block":2,"minecraft:carrot":762,"minecraft:spider_eye":1,"alexsmobs:animal_dictionary":2,"undead_revamp2:rawbostrox":3,"minecraft:iron_hoe":7,"minecraft:pumpkin_seeds":4,"minecraft:rotten_flesh":18,"minecraft:iron_helmet":6,"minecraft:granite":16,"minecraft:oak_sapling":11,"minecraft:melon_seeds":1,"minecraft:coal":23,"undead_revamp2:arapholia":2,"minecraft:cobblestone":194},"minecraft:mined":{"minecraft:podzol":31,"minecraft:oak_door":1,"minecraft:clay":57,"minecraft:torch":5,"minecraft:granite":8,"minecraft:grass_block":179,"minecraft:melon":11,"minecraft:chest":8,"minecraft:diorite":2,"minecraft:oak_planks":4,"minecraft:birch_log":27,"minecraft:iron_ore":2,"minecraft:fire":6,"minecraft:andesite":6,"minecraft:pumpkin":8,"minecraft:coal_ore":2,"minecraft:oak_log":36,"minecraft:cobblestone_slab":4,"minecraft:gravel":30,"minecraft:dirt":20,"minecraft:cobweb":21,"minecraft:stone":37,"minecraft:oak_leaves":3},"minecraft:dropped":{"minecraft:iron_sword":2,"minecraft:oak_log":1,"minecraft:wheat":40,"minecraft:iron_helmet":1,"minecraft:oak_planks":55,"minecraft:iron_hoe":3,"minecraft:carrot":207,"minecraft:coal":4,"minecraft:stick":8,"minecraft:rabbit_hide":1,"minecraft:iron_chestplate":1,"minecraft:rabbit":1,"minecraft:iron_axe":4,"minecraft:iron_pickaxe":4,"minecraft:iron_shovel":2,"minecraft:oak_leaves":1},"minecraft:used":{"minecraft:oak_trapdoor":29,"minecraft:oak_fence":56,"minecraft:wheat_seeds":40,"minecraft:water_bucket":32,"minecraft:iron_shovel":329,"minecraft:flint_and_steel":2,"minecraft:polished_andesite":1,"minecraft:oak_planks":63,"minecraft:shield":6,"minecraft:chest":9,"minecraft:iron_sword":162,"minecraft:oak_door":2,"minecraft:cobblestone_slab":177,"minecraft:oak_leaves":198,"minecraft:torch":403,"minecraft:dark_oak_trapdoor":4,"minecraft:iron_chestplate":5,"minecraft:dirt":260,"minecraft:oak_slab":142,"minecraft:tnt":2,"minecraft:crafting_table":2,"minecraft:carrot":175,"minecraft:iron_hoe":98,"minecraft:mud":15,"minecraft:wooden_hoe":88,"minecraft:apple":17,"minecraft:villager_spawn_egg":2,"minecraft:iron_axe":94,"minecraft:oak_stairs":5,"minecraft:grass_block":119,"minecraft:melon_slice":1,"minecraft:iron_pickaxe":72,"minecraft:iron_helmet":2,"minecraft:iron_boots":7,"minecraft:melon_seeds":30,"minecraft:cobblestone":31,"minecraft:oak_sapling":29,"minecraft:furnace":2,"minecraft:bucket":1,"minecraft:bone_meal":116,"minecraft:iron_leggings":2},"minecraft:custom":{"minecraft:mob_kills":31,"minecraft:interact_with_crafting_table":3,"minecraft:damage_dealt_resisted":60,"minecraft:leave_game":9,"minecraft:time_since_death":17617,"minecraft:damage_resisted":570,"minecraft:time_since_rest":17655,"minecraft:sprint_one_cm":357313,"minecraft:damage_taken":9147,"minecraft:walk_one_cm":539960,"minecraft:damage_blocked_by_shield":345,"minecraft:drop":40,"minecraft:damage_dealt":7698,"minecraft:damage_dealt_absorbed":12,"minecraft:player_kills":1,"minecraft:swim_one_cm":4472,"minecraft:talked_to_villager":5,"minecraft:fly_one_cm":1684334,"minecraft:open_chest":66,"minecraft:crouch_one_cm":15551,"minecraft:play_time":314622,"minecraft:deaths":16,"minecraft:sneak_time":11904,"minecraft:walk_under_water_one_cm":64270,"minecraft:jump":1585,"minecraft:walk_on_water_one_cm":9397,"minecraft:total_world_time":314622,"minecraft:fall_one_cm":50428},"minecraft:killed":{"john_mod_reborn:baby_john":2,"undead_revamp2:thehunter":1,"undead_revamp2:the_moonflower":1,"enemyexpansion:equestrian":1,"minecraft:spider":6,"undead_revamp2:theheavy":1,"undead_revamp2:bomber":1,"undead_revamp2:theswarmer":1,"born_in_chaos_v1:maggot":1,"john_mod_reborn:feral_baby_john_2":2,"minecraft:zombie":2,"enemyexpansion:botfly":5,"undead_revamp2:therod":1,"undead_revamp2:thespitter":1,"john_mod_reborn:feral_baby_john_1":1}},"DataVersion":3120}