{"stats":{"minecraft:dropped":{"minecraft:oak_leaves":1},"minecraft:custom":{"minecraft:time_since_rest":102042,"minecraft:sprint_one_cm":12532,"minecraft:damage_taken":410,"minecraft:walk_one_cm":72435,"minecraft:mob_kills":2,"minecraft:drop":1,"minecraft:damage_dealt":1285,"minecraft:talked_to_villager":2,"minecraft:fly_one_cm":1137200,"minecraft:open_chest":27,"minecraft:crouch_one_cm":1591,"minecraft:play_time":102743,"minecraft:deaths":1,"minecraft:walk_under_water_one_cm":41,"minecraft:sneak_time":6404,"minecraft:jump":220,"minecraft:leave_game":6,"minecraft:walk_on_water_one_cm":990,"minecraft:time_since_death":102009,"minecraft:total_world_time":102743,"minecraft:fall_one_cm":4392},"minecraft:picked_up":{"minecraft:water_bucket":1,"silentgear:blueprint_package":2,"minecraft:oak_log":3,"alexsmobs:animal_dictionary":2,"minecraft:dirt":8,"undead_revamp2:rawbostrox":3,"minecraft:rotten_flesh":5,"minecraft:apple":2,"minecraft:wheat_seeds":3,"minecraft:oak_sapling":2,"minecraft:chest":2,"minecraft:cobblestone":7},"minecraft:killed":{"enemyexpansion:equestrian":1,"undead_revamp2:theheavy":1},"minecraft:used":{"minecraft:oak_trapdoor":18,"minecraft:oak_fence":56,"minecraft:mud":15,"minecraft:wooden_hoe":88,"minecraft:water_bucket":27,"minecraft:villager_spawn_egg":2,"minecraft:flint_and_steel":2,"minecraft:grass_block":119,"minecraft:oak_stairs":5,"minecraft:polished_andesite":1,"minecraft:iron_pickaxe":4,"minecraft:oak_planks":13,"minecraft:chest":7,"minecraft:iron_sword":30,"minecraft:iron_boots":1,"minecraft:cobblestone_slab":62,"minecraft:melon_seeds":29,"minecraft:iron_chestplate":1,"minecraft:oak_leaves":198,"minecraft:torch":109,"minecraft:dirt":147,"minecraft:cobblestone":30,"minecraft:tnt":2,"minecraft:oak_slab":142,"minecraft:crafting_table":1,"minecraft:furnace":2,"minecraft:oak_sapling":29,"minecraft:carrot":46,"minecraft:bone_meal":116},"minecraft:mined":{"minecraft:oak_log":3,"minecraft:grass_block":5,"minecraft:chest":1}},"DataVersion":3120}