{"stats":{"minecraft:killed_by":{"undead_revamp2:sucker":6,"undead_revamp2:the_moonflower":2,"minecraft:spider":1,"undead_revamp2:thesmoker":1,"undead_revamp2:thebeartamer":1},"minecraft:crafted":{"minecraft:oak_door":3,"minecraft:oak_planks":12,"minecraft:crafting_table":1},"minecraft:picked_up":{"minecraft:mud":1,"minecraft:iron_chestplate":7,"minecraft:chicken":4,"minecraft:clay_ball":228,"minecraft:brown_mushroom":9,"minecraft:diamond_sword":1,"minecraft:shield":5,"minecraft:string":30,"minecraft:iron_axe":10,"minecraft:iron_leggings":5,"minecraft:iron_shovel":5,"john_mod_reborn:freed_spirit":1,"minecraft:cobblestone_slab":5,"minecraft:iron_pickaxe":12,"minecraft:melon_slice":125,"minecraft:chest":24,"minecraft:birch_sapling":4,"minecraft:iron_boots":11,"minecraft:egg":1,"minecraft:tipped_arrow":1,"minecraft:stick":24,"minecraft:raw_iron":19,"minecraft:oak_door":1,"minecraft:copper_ingot":4,"minecraft:torch":107,"minecraft:diorite":18,"minecraft:carrot":762,"minecraft:rotten_flesh":18,"minecraft:snowball":68,"undead_revamp2:arapholia":2,"minecraft:cobblestone":212,"minecraft:birch_log":51,"minecraft:feather":21,"minecraft:water_bucket":2,"minecraft:andesite":43,"minecraft:leather":6,"minecraft:red_mushroom":2,"minecraft:potato":1,"silentgear:blueprint_package":2,"minecraft:flint":15,"minecraft:oak_log":76,"undead_revamp2:huntereye":2,"minecraft:gunpowder":2,"minecraft:map":1,"minecraft:dirt":303,"minecraft:bone":6,"minecraft:apple":37,"minecraft:wheat_seeds":11,"minecraft:raw_gold":1,"minecraft:rabbit_hide":4,"minecraft:rabbit":1,"minecraft:moss_block":1,"minecraft:oak_planks":188,"minecraft:iron_sword":11,"minecraft:pumpkin":13,"minecraft:gravel":60,"minecraft:spruce_sapling":5,"minecraft:spruce_log":3,"minecraft:grass_block":2,"minecraft:dark_oak_log":6,"alexsmobs:animal_dictionary":2,"minecraft:spider_eye":1,"undead_revamp2:rawbostrox":3,"minecraft:iron_hoe":7,"minecraft:pumpkin_seeds":4,"minecraft:iron_helmet":6,"minecraft:granite":24,"minecraft:bone_meal":3,"minecraft:oak_sapling":11,"minecraft:melon_seeds":1,"minecraft:coal":45},"minecraft:mined":{"minecraft:oak_door":1,"minecraft:dark_oak_log":1,"minecraft:granite":8,"minecraft:grass_block":210,"minecraft:iron_ore":3,"minecraft:fire":6,"minecraft:andesite":6,"minecraft:pumpkin":8,"minecraft:cobblestone_slab":4,"minecraft:packed_ice":1,"minecraft:stone":37,"minecraft:podzol":31,"minecraft:snow_block":13,"minecraft:clay":57,"minecraft:torch":6,"minecraft:melon":11,"minecraft:chest":9,"minecraft:oak_planks":4,"minecraft:diorite":2,"minecraft:birch_log":27,"minecraft:oak_log":36,"minecraft:coal_ore":3,"minecraft:gravel":54,"minecraft:dirt":34,"minecraft:cobweb":21,"minecraft:oak_leaves":3},"minecraft:dropped":{"minecraft:iron_sword":2,"minecraft:oak_log":1,"minecraft:iron_helmet":1,"minecraft:coal":4,"minecraft:stick":8,"minecraft:rabbit":1,"minecraft:iron_axe":4,"minecraft:iron_pickaxe":4,"minecraft:iron_shovel":2,"minecraft:wheat":40,"minecraft:oak_planks":55,"minecraft:iron_hoe":3,"minecraft:carrot":207,"minecraft:rabbit_hide":1,"minecraft:iron_chestplate":1,"minecraft:oak_leaves":1},"minecraft:used":{"minecraft:oak_fence":56,"minecraft:oak_trapdoor":29,"minecraft:iron_shovel":420,"minecraft:flint_and_steel":2,"minecraft:chest":9,"minecraft:shield":10,"minecraft:iron_sword":169,"minecraft:iron_chestplate":6,"minecraft:oak_door":2,"minecraft:torch":403,"minecraft:dirt":271,"minecraft:carrot":183,"minecraft:iron_hoe":98,"minecraft:villager_spawn_egg":2,"minecraft:grass_block":119,"minecraft:iron_axe":94,"minecraft:oak_stairs":5,"minecraft:iron_helmet":3,"minecraft:iron_boots":8,"minecraft:melon_seeds":30,"minecraft:furnace":2,"minecraft:oak_sapling":29,"minecraft:egg":1,"minecraft:iron_leggings":3,"minecraft:wheat_seeds":40,"minecraft:water_bucket":32,"minecraft:polished_andesite":1,"minecraft:oak_planks":63,"minecraft:cobblestone_slab":177,"minecraft:oak_leaves":198,"minecraft:dark_oak_trapdoor":4,"minecraft:tnt":2,"minecraft:oak_slab":142,"minecraft:crafting_table":2,"minecraft:mud":15,"minecraft:wooden_hoe":88,"minecraft:apple":17,"minecraft:melon_slice":1,"minecraft:iron_pickaxe":74,"minecraft:cobblestone":31,"minecraft:bucket":1,"minecraft:bone_meal":116},"minecraft:custom":{"minecraft:mob_kills":33,"minecraft:interact_with_crafting_table":3,"minecraft:damage_dealt_resisted":60,"minecraft:leave_game":9,"minecraft:time_since_death":4946,"minecraft:damage_resisted":570,"minecraft:sprint_one_cm":393535,"minecraft:walk_one_cm":572414,"minecraft:damage_blocked_by_shield":635,"minecraft:drop":40,"minecraft:damage_dealt_absorbed":12,"minecraft:talked_to_villager":5,"minecraft:play_time":326622,"minecraft:deaths":17,"minecraft:sneak_time":11990,"minecraft:walk_under_water_one_cm":64270,"minecraft:jump":1694,"minecraft:walk_on_water_one_cm":9532,"minecraft:total_world_time":326622,"minecraft:time_since_rest":5019,"minecraft:damage_taken":9430,"minecraft:damage_dealt":8030,"minecraft:swim_one_cm":4472,"minecraft:fly_one_cm":1704202,"minecraft:player_kills":1,"minecraft:open_chest":83,"minecraft:crouch_one_cm":15698,"minecraft:fall_one_cm":50428},"minecraft:killed":{"john_mod_reborn:baby_john":2,"undead_revamp2:thehunter":1,"minecraft:spider":6,"enemyexpansion:equestrian":1,"undead_revamp2:bomber":1,"undead_revamp2:theswarmer":1,"born_in_chaos_v1:maggot":1,"undead_revamp2:therod":1,"undead_revamp2:thespitter":1,"undead_revamp2:the_moonflower":1,"undead_revamp2:theheavy":1,"minecraft:creeper":1,"john_mod_reborn:feral_baby_john_2":2,"minecraft:zombie":2,"minecraft:stray":1,"enemyexpansion:botfly":5,"john_mod_reborn:feral_baby_john_1":1}},"DataVersion":3120}