{"stats":{"minecraft:killed_by":{"undead_revamp2:thesmoker":1},"minecraft:picked_up":{"minecraft:iron_chestplate":1,"minecraft:mud":1,"minecraft:water_bucket":1,"minecraft:torch":82,"silentgear:blueprint_package":2,"minecraft:oak_log":3,"minecraft:dirt":8,"alexsmobs:animal_dictionary":2,"minecraft:iron_axe":1,"undead_revamp2:rawbostrox":3,"minecraft:iron_hoe":1,"minecraft:rotten_flesh":7,"minecraft:apple":5,"minecraft:wheat_seeds":3,"minecraft:iron_pickaxe":1,"minecraft:oak_sapling":2,"minecraft:chest":2,"minecraft:iron_sword":1,"undead_revamp2:arapholia":2,"minecraft:iron_boots":1,"minecraft:cobblestone":14},"minecraft:mined":{"minecraft:torch":1,"minecraft:grass_block":5,"minecraft:oak_log":3,"minecraft:chest":1},"minecraft:dropped":{"minecraft:oak_leaves":1},"minecraft:used":{"minecraft:oak_trapdoor":18,"minecraft:oak_fence":56,"minecraft:mud":15,"minecraft:wooden_hoe":88,"minecraft:water_bucket":27,"minecraft:apple":1,"minecraft:flint_and_steel":2,"minecraft:villager_spawn_egg":2,"minecraft:grass_block":119,"minecraft:oak_stairs":5,"minecraft:polished_andesite":1,"minecraft:iron_pickaxe":4,"minecraft:oak_planks":13,"minecraft:chest":7,"minecraft:iron_sword":62,"minecraft:iron_boots":1,"minecraft:melon_seeds":29,"minecraft:cobblestone_slab":62,"minecraft:oak_leaves":198,"minecraft:torch":329,"minecraft:iron_chestplate":1,"minecraft:dirt":147,"minecraft:cobblestone":30,"minecraft:oak_slab":142,"minecraft:tnt":2,"minecraft:crafting_table":1,"minecraft:oak_sapling":29,"minecraft:furnace":2,"minecraft:carrot":46,"minecraft:bone_meal":116},"minecraft:killed":{"john_mod_reborn:baby_john":1,"john_mod_reborn:feral_baby_john_2":1,"undead_revamp2:the_moonflower":1,"enemyexpansion:equestrian":1,"undead_revamp2:theheavy":1,"undead_revamp2:bomber":1,"undead_revamp2:thespitter":1,"john_mod_reborn:feral_baby_john_1":1},"minecraft:custom":{"minecraft:time_since_rest":27709,"minecraft:sprint_one_cm":57156,"minecraft:damage_taken":717,"minecraft:walk_one_cm":123914,"minecraft:mob_kills":8,"minecraft:drop":1,"minecraft:damage_dealt":3096,"minecraft:talked_to_villager":2,"minecraft:fly_one_cm":1451041,"minecraft:open_chest":27,"minecraft:play_time":130566,"minecraft:crouch_one_cm":1954,"minecraft:deaths":2,"minecraft:walk_under_water_one_cm":747,"minecraft:sneak_time":7354,"minecraft:jump":400,"minecraft:damage_dealt_resisted":12,"minecraft:leave_game":8,"minecraft:time_since_death":27524,"minecraft:walk_on_water_one_cm":2059,"minecraft:total_world_time":130566,"minecraft:damage_resisted":570,"minecraft:fall_one_cm":5019}},"DataVersion":3120}