{"stats":{"minecraft:killed_by":{"undead_revamp2:thesmoker":1},"minecraft:crafted":{"minecraft:oak_door":3,"minecraft:oak_planks":12,"minecraft:crafting_table":1},"minecraft:picked_up":{"minecraft:mud":1,"minecraft:iron_chestplate":1,"minecraft:water_bucket":1,"silentgear:blueprint_package":2,"minecraft:oak_log":6,"minecraft:dirt":12,"minecraft:iron_axe":3,"minecraft:iron_shovel":1,"minecraft:apple":5,"minecraft:wheat_seeds":3,"minecraft:iron_pickaxe":3,"minecraft:chest":3,"minecraft:iron_sword":2,"minecraft:iron_boots":1,"minecraft:oak_door":1,"minecraft:torch":82,"alexsmobs:animal_dictionary":2,"undead_revamp2:rawbostrox":3,"minecraft:iron_hoe":3,"minecraft:rotten_flesh":7,"minecraft:oak_sapling":3,"undead_revamp2:arapholia":2,"minecraft:cobblestone":14},"minecraft:mined":{"minecraft:oak_door":1,"minecraft:torch":1,"minecraft:grass_block":10,"minecraft:chest":2,"minecraft:oak_log":6,"minecraft:oak_leaves":1},"minecraft:dropped":{"minecraft:iron_sword":2,"minecraft:iron_hoe":3,"minecraft:iron_axe":3,"minecraft:iron_pickaxe":3,"minecraft:iron_shovel":2,"minecraft:oak_leaves":1},"minecraft:used":{"minecraft:oak_fence":56,"minecraft:oak_trapdoor":18,"minecraft:water_bucket":27,"minecraft:iron_shovel":5,"minecraft:flint_and_steel":2,"minecraft:polished_andesite":1,"minecraft:oak_planks":18,"minecraft:chest":7,"minecraft:iron_sword":65,"minecraft:cobblestone_slab":62,"minecraft:iron_chestplate":1,"minecraft:oak_leaves":198,"minecraft:oak_door":2,"minecraft:torch":343,"minecraft:dirt":147,"minecraft:tnt":2,"minecraft:oak_slab":142,"minecraft:crafting_table":2,"minecraft:carrot":46,"minecraft:iron_hoe":1,"minecraft:mud":15,"minecraft:wooden_hoe":88,"minecraft:apple":5,"minecraft:villager_spawn_egg":2,"minecraft:grass_block":119,"minecraft:iron_axe":5,"minecraft:oak_stairs":5,"minecraft:iron_pickaxe":5,"minecraft:iron_boots":1,"minecraft:melon_seeds":29,"minecraft:cobblestone":31,"minecraft:furnace":2,"minecraft:oak_sapling":29,"minecraft:bone_meal":116},"minecraft:custom":{"minecraft:mob_kills":10,"minecraft:interact_with_crafting_table":2,"minecraft:damage_dealt_resisted":12,"minecraft:leave_game":8,"minecraft:time_since_death":39524,"minecraft:damage_resisted":570,"minecraft:time_since_rest":39709,"minecraft:sprint_one_cm":109079,"minecraft:damage_taken":966,"minecraft:walk_one_cm":174933,"minecraft:drop":14,"minecraft:damage_dealt":3190,"minecraft:talked_to_villager":2,"minecraft:fly_one_cm":1474049,"minecraft:player_kills":1,"minecraft:open_chest":34,"minecraft:crouch_one_cm":2142,"minecraft:play_time":142566,"minecraft:deaths":2,"minecraft:sneak_time":7429,"minecraft:walk_under_water_one_cm":747,"minecraft:jump":506,"minecraft:walk_on_water_one_cm":2059,"minecraft:total_world_time":142566,"minecraft:fall_one_cm":5967},"minecraft:killed":{"john_mod_reborn:baby_john":1,"undead_revamp2:the_moonflower":1,"enemyexpansion:equestrian":1,"undead_revamp2:theheavy":1,"undead_revamp2:bomber":1,"born_in_chaos_v1:maggot":1,"john_mod_reborn:feral_baby_john_2":1,"undead_revamp2:thespitter":1,"john_mod_reborn:feral_baby_john_1":1}},"DataVersion":3120}