{"stats":{"minecraft:killed_by":{"minecraft:player":1,"undead_revamp2:sucker":10,"undead_revamp2:the_moonflower":2,"minecraft:wolf":1,"minecraft:spider":1,"minecraft:pufferfish":1,"undead_revamp2:thesmoker":1,"undead_revamp2:thebeartamer":1},"minecraft:crafted":{"minecraft:oak_door":3,"minecraft:oak_planks":12,"minecraft:crafting_table":1},"minecraft:picked_up":{"minecraft:seagrass":2,"minecraft:mud":1,"minecraft:iron_chestplate":14,"minecraft:chicken":5,"minecraft:clay_ball":304,"minecraft:brown_mushroom":9,"minecraft:diamond_sword":1,"croptopia:calamari":3,"minecraft:dead_horn_coral_block":8,"minecraft:shield":11,"minecraft:string":33,"minecraft:dead_tube_coral_block":9,"minecraft:iron_axe":16,"minecraft:wooden_sword":1,"minecraft:iron_leggings":13,"minecraft:iron_shovel":11,"john_mod_reborn:freed_spirit":1,"minecraft:sea_pickle":3,"minecraft:cobblestone_slab":5,"minecraft:wooden_shovel":1,"minecraft:iron_pickaxe":14,"minecraft:melon_slice":125,"minecraft:chest":29,"minecraft:birch_sapling":4,"minecraft:iron_boots":18,"minecraft:egg":4,"minecraft:tipped_arrow":6,"minecraft:dark_oak_sapling":2,"minecraft:stick":66,"minecraft:raw_iron":47,"minecraft:oak_door":1,"minecraft:copper_ingot":4,"minecraft:torch":109,"minecraft:dried_kelp":3,"minecraft:diorite":23,"minecraft:carrot":1228,"minecraft:prismarine_crystals":20,"minecraft:rabbit_foot":2,"minecraft:arrow":3,"minecraft:rotten_flesh":20,"minecraft:fire_coral_fan":3,"minecraft:snowball":180,"minecraft:cod":3,"undead_revamp2:arapholia":2,"minecraft:cobblestone":298,"minecraft:birch_log":56,"minecraft:sponge":5,"minecraft:feather":23,"minecraft:water_bucket":2,"minecraft:andesite":44,"minecraft:leather":6,"minecraft:red_mushroom":2,"minecraft:potato":1,"silentgear:blueprint_package":2,"minecraft:flint":17,"minecraft:oak_log":81,"minecraft:prismarine_bricks":39,"undead_revamp2:huntereye":2,"minecraft:horn_coral":3,"minecraft:gunpowder":2,"minecraft:map":1,"minecraft:dirt":406,"minecraft:bone":12,"minecraft:apple":37,"minecraft:wheat_seeds":11,"minecraft:raw_gold":14,"minecraft:rabbit_hide":4,"minecraft:rabbit":1,"minecraft:moss_block":1,"minecraft:prismarine":60,"minecraft:iron_sword":17,"minecraft:oak_planks":207,"minecraft:pumpkin":13,"minecraft:gravel":65,"minecraft:dead_fire_coral_block":3,"minecraft:sand":55,"minecraft:spruce_sapling":5,"minecraft:ink_sac":9,"minecraft:grass_block":2,"minecraft:spruce_log":19,"alexsmobs:animal_dictionary":2,"minecraft:dark_oak_log":23,"minecraft:spider_eye":1,"minecraft:dark_prismarine":11,"undead_revamp2:rawbostrox":3,"minecraft:iron_hoe":15,"minecraft:pumpkin_seeds":4,"minecraft:diamond":3,"minecraft:dead_bubble_coral_block":6,"minecraft:dead_brain_coral_block":5,"minecraft:iron_helmet":12,"minecraft:granite":31,"minecraft:bone_meal":6,"minecraft:oak_sapling":11,"minecraft:melon_seeds":1,"minecraft:coal":62},"minecraft:mined":{"minecraft:oak_door":1,"minecraft:dark_oak_log":5,"minecraft:sea_lantern":7,"minecraft:granite":8,"minecraft:grass_block":231,"minecraft:jungle_log":2,"minecraft:moss_block":1,"minecraft:iron_ore":3,"minecraft:fire":6,"minecraft:andesite":6,"minecraft:pumpkin":8,"minecraft:cobblestone_slab":4,"minecraft:dirt_path":1,"minecraft:packed_ice":1,"minecraft:stone":37,"minecraft:podzol":32,"minecraft:snow_block":21,"minecraft:clay":72,"minecraft:torch":8,"minecraft:sponge":4,"minecraft:melon":11,"minecraft:chest":12,"minecraft:oak_planks":4,"minecraft:diorite":2,"minecraft:birch_log":27,"minecraft:oak_log":36,"minecraft:coal_ore":3,"minecraft:gravel":64,"minecraft:sand":36,"minecraft:dirt":37,"minecraft:cobweb":24,"minecraft:oak_leaves":3},"minecraft:dropped":{"minecraft:water_bucket":1,"minecraft:iron_sword":2,"minecraft:oak_log":1,"minecraft:iron_helmet":1,"minecraft:coal":4,"minecraft:stick":8,"minecraft:rabbit":1,"minecraft:wooden_sword":1,"minecraft:iron_axe":6,"minecraft:iron_pickaxe":4,"minecraft:iron_shovel":2,"minecraft:bone":26,"minecraft:wheat":40,"minecraft:oak_planks":55,"minecraft:iron_hoe":3,"minecraft:carrot":244,"minecraft:rabbit_hide":1,"minecraft:iron_chestplate":1,"minecraft:wooden_shovel":1,"minecraft:oak_leaves":1},"minecraft:used":{"minecraft:oak_trapdoor":29,"minecraft:oak_fence":56,"minecraft:moss_block":1,"minecraft:iron_shovel":555,"minecraft:flint_and_steel":2,"minecraft:chest":18,"minecraft:shield":30,"minecraft:iron_sword":197,"minecraft:oak_door":2,"minecraft:iron_chestplate":7,"minecraft:torch":403,"minecraft:dirt":279,"minecraft:carrot":211,"minecraft:iron_hoe":99,"minecraft:villager_spawn_egg":2,"minecraft:iron_axe":94,"minecraft:grass_block":120,"minecraft:oak_stairs":5,"minecraft:iron_helmet":4,"minecraft:iron_boots":9,"minecraft:melon_seeds":30,"minecraft:oak_sapling":29,"minecraft:furnace":2,"minecraft:egg":4,"minecraft:dead_bubble_coral_block":1,"minecraft:iron_leggings":4,"minecraft:wheat_seeds":40,"minecraft:water_bucket":46,"minecraft:polished_andesite":1,"minecraft:prismarine":8,"minecraft:oak_planks":65,"minecraft:cobblestone_slab":177,"minecraft:oak_leaves":198,"minecraft:dark_oak_trapdoor":4,"minecraft:oak_slab":142,"minecraft:tnt":2,"minecraft:crafting_table":2,"minecraft:mud":15,"minecraft:wooden_hoe":88,"minecraft:apple":17,"minecraft:melon_slice":1,"minecraft:iron_pickaxe":74,"minecraft:cobblestone":35,"minecraft:bucket":1,"minecraft:bone_meal":116},"minecraft:custom":{"minecraft:mob_kills":37,"minecraft:interact_with_crafting_table":3,"minecraft:damage_dealt_resisted":538,"minecraft:leave_game":13,"minecraft:time_since_death":1602,"minecraft:damage_resisted":570,"minecraft:sprint_one_cm":497180,"minecraft:walk_one_cm":734811,"minecraft:damage_blocked_by_shield":1085,"minecraft:drop":72,"minecraft:damage_dealt_absorbed":12,"minecraft:talked_to_villager":6,"minecraft:play_time":409494,"minecraft:sneak_time":13458,"minecraft:deaths":25,"minecraft:walk_under_water_one_cm":64666,"minecraft:jump":2221,"minecraft:walk_on_water_one_cm":12128,"minecraft:total_world_time":409494,"minecraft:interact_with_furnace":2,"minecraft:time_since_rest":2554,"minecraft:damage_taken":12634,"minecraft:damage_dealt":8921,"minecraft:swim_one_cm":4472,"minecraft:fly_one_cm":1823801,"minecraft:player_kills":2,"minecraft:open_chest":128,"minecraft:crouch_one_cm":17898,"minecraft:fall_one_cm":56142},"minecraft:killed":{"john_mod_reborn:baby_john":2,"undead_revamp2:thehunter":1,"minecraft:spider":6,"enemyexpansion:equestrian":1,"undead_revamp2:bomber":1,"undead_revamp2:theswarmer":1,"born_in_chaos_v1:maggot":1,"undead_revamp2:therod":1,"undead_revamp2:thespitter":1,"undead_revamp2:the_moonflower":1,"undead_revamp2:theheavy":1,"minecraft:creeper":1,"minecraft:polar_bear":1,"john_mod_reborn:feral_baby_john_2":2,"minecraft:zombie":2,"minecraft:stray":3,"enemyexpansion:botfly":5,"john_mod_reborn:feral_baby_john_1":1}},"DataVersion":3120}