{"stats":{"minecraft:killed_by":{"undead_revamp2:sucker":6,"undead_revamp2:the_moonflower":2,"minecraft:spider":1,"undead_revamp2:thesmoker":1,"undead_revamp2:thebeartamer":1},"minecraft:crafted":{"minecraft:oak_door":3,"minecraft:oak_planks":12,"minecraft:crafting_table":1},"minecraft:picked_up":{"minecraft:birch_log":21,"minecraft:mud":1,"minecraft:iron_chestplate":7,"minecraft:feather":1,"minecraft:chicken":3,"minecraft:clay_ball":108,"minecraft:water_bucket":2,"minecraft:andesite":22,"minecraft:brown_mushroom":5,"minecraft:diamond_sword":1,"minecraft:potato":1,"silentgear:blueprint_package":2,"minecraft:flint":10,"minecraft:oak_log":36,"undead_revamp2:huntereye":2,"minecraft:shield":5,"minecraft:string":27,"minecraft:dirt":144,"minecraft:iron_axe":9,"minecraft:iron_leggings":4,"minecraft:iron_shovel":5,"minecraft:bone":4,"minecraft:apple":31,"minecraft:wheat_seeds":3,"minecraft:rabbit_hide":1,"minecraft:cobblestone_slab":1,"minecraft:iron_pickaxe":11,"minecraft:rabbit":1,"minecraft:melon_slice":82,"minecraft:iron_sword":10,"minecraft:chest":11,"minecraft:birch_sapling":2,"minecraft:oak_planks":174,"minecraft:iron_boots":10,"minecraft:stick":24,"minecraft:raw_iron":4,"minecraft:oak_door":1,"minecraft:pumpkin":7,"minecraft:torch":105,"minecraft:gravel":12,"minecraft:grass_block":1,"minecraft:carrot":685,"minecraft:spider_eye":1,"alexsmobs:animal_dictionary":2,"undead_revamp2:rawbostrox":3,"minecraft:iron_hoe":7,"minecraft:pumpkin_seeds":2,"minecraft:rotten_flesh":10,"minecraft:iron_helmet":5,"minecraft:granite":4,"minecraft:oak_sapling":8,"minecraft:melon_seeds":1,"minecraft:coal":18,"undead_revamp2:arapholia":2,"minecraft:cobblestone":101},"minecraft:mined":{"minecraft:podzol":15,"minecraft:oak_door":1,"minecraft:clay":27,"minecraft:torch":4,"minecraft:granite":2,"minecraft:grass_block":116,"minecraft:melon":11,"minecraft:chest":7,"minecraft:birch_log":18,"minecraft:iron_ore":2,"minecraft:fire":6,"minecraft:andesite":4,"minecraft:pumpkin":7,"minecraft:coal_ore":2,"minecraft:oak_log":32,"minecraft:cobblestone_slab":4,"minecraft:gravel":13,"minecraft:dirt":5,"minecraft:cobweb":21,"minecraft:stone":29,"minecraft:oak_leaves":3},"minecraft:dropped":{"minecraft:iron_sword":2,"minecraft:oak_log":1,"minecraft:wheat":40,"minecraft:iron_helmet":1,"minecraft:oak_planks":55,"minecraft:iron_hoe":3,"minecraft:carrot":207,"minecraft:coal":4,"minecraft:stick":8,"minecraft:rabbit_hide":1,"minecraft:iron_chestplate":1,"minecraft:rabbit":1,"minecraft:iron_axe":3,"minecraft:iron_pickaxe":4,"minecraft:iron_shovel":2,"minecraft:oak_leaves":1},"minecraft:used":{"minecraft:oak_trapdoor":29,"minecraft:oak_fence":56,"minecraft:wheat_seeds":40,"minecraft:water_bucket":32,"minecraft:iron_shovel":170,"minecraft:flint_and_steel":2,"minecraft:polished_andesite":1,"minecraft:oak_planks":45,"minecraft:chest":7,"minecraft:iron_sword":140,"minecraft:oak_door":2,"minecraft:cobblestone_slab":177,"minecraft:oak_leaves":198,"minecraft:torch":402,"minecraft:dark_oak_trapdoor":4,"minecraft:iron_chestplate":5,"minecraft:dirt":249,"minecraft:oak_slab":142,"minecraft:tnt":2,"minecraft:crafting_table":2,"minecraft:carrot":156,"minecraft:iron_hoe":98,"minecraft:mud":15,"minecraft:wooden_hoe":88,"minecraft:apple":17,"minecraft:villager_spawn_egg":2,"minecraft:iron_axe":72,"minecraft:oak_stairs":5,"minecraft:grass_block":119,"minecraft:melon_slice":1,"minecraft:iron_pickaxe":52,"minecraft:iron_helmet":1,"minecraft:iron_boots":6,"minecraft:melon_seeds":30,"minecraft:cobblestone":31,"minecraft:oak_sapling":29,"minecraft:furnace":2,"minecraft:bucket":1,"minecraft:bone_meal":116,"minecraft:iron_leggings":1},"minecraft:custom":{"minecraft:mob_kills":23,"minecraft:interact_with_crafting_table":3,"minecraft:damage_dealt_resisted":60,"minecraft:leave_game":9,"minecraft:time_since_death":13898,"minecraft:damage_resisted":570,"minecraft:time_since_rest":13922,"minecraft:sprint_one_cm":329932,"minecraft:damage_taken":5242,"minecraft:walk_one_cm":489463,"minecraft:drop":39,"minecraft:damage_dealt":5886,"minecraft:damage_dealt_absorbed":12,"minecraft:player_kills":1,"minecraft:swim_one_cm":4472,"minecraft:talked_to_villager":4,"minecraft:fly_one_cm":1653773,"minecraft:open_chest":57,"minecraft:crouch_one_cm":14768,"minecraft:play_time":254622,"minecraft:deaths":15,"minecraft:sneak_time":11609,"minecraft:walk_under_water_one_cm":64270,"minecraft:jump":1383,"minecraft:walk_on_water_one_cm":9397,"minecraft:total_world_time":254622,"minecraft:fall_one_cm":16983},"minecraft:killed":{"john_mod_reborn:baby_john":1,"undead_revamp2:thehunter":1,"undead_revamp2:the_moonflower":1,"enemyexpansion:equestrian":1,"minecraft:spider":5,"undead_revamp2:theheavy":1,"undead_revamp2:bomber":1,"undead_revamp2:theswarmer":1,"born_in_chaos_v1:maggot":1,"john_mod_reborn:feral_baby_john_2":2,"enemyexpansion:botfly":3,"undead_revamp2:thespitter":1,"john_mod_reborn:feral_baby_john_1":1}},"DataVersion":3120}