{"stats":{"minecraft:killed_by":{"minecraft:spider":1,"undead_revamp2:thesmoker":1},"minecraft:crafted":{"minecraft:oak_door":3,"minecraft:oak_planks":12,"minecraft:crafting_table":1},"minecraft:picked_up":{"minecraft:birch_log":19,"minecraft:mud":1,"minecraft:iron_chestplate":2,"minecraft:clay_ball":108,"minecraft:water_bucket":1,"minecraft:andesite":4,"minecraft:potato":1,"silentgear:blueprint_package":2,"minecraft:flint":4,"minecraft:oak_log":32,"undead_revamp2:huntereye":1,"minecraft:shield":1,"minecraft:string":8,"minecraft:dirt":138,"minecraft:iron_axe":4,"minecraft:iron_shovel":2,"minecraft:bone":1,"minecraft:apple":24,"minecraft:wheat_seeds":3,"minecraft:iron_pickaxe":4,"minecraft:melon_slice":58,"minecraft:chest":8,"minecraft:birch_sapling":2,"minecraft:iron_sword":3,"minecraft:iron_boots":2,"minecraft:raw_iron":2,"minecraft:pumpkin":7,"minecraft:oak_door":1,"minecraft:torch":83,"minecraft:gravel":9,"minecraft:carrot":64,"minecraft:grass_block":1,"alexsmobs:animal_dictionary":2,"undead_revamp2:rawbostrox":3,"minecraft:iron_hoe":4,"minecraft:pumpkin_seeds":2,"minecraft:rotten_flesh":10,"minecraft:granite":2,"minecraft:oak_sapling":8,"minecraft:coal":2,"undead_revamp2:arapholia":2,"minecraft:cobblestone":43},"minecraft:mined":{"minecraft:podzol":15,"minecraft:oak_door":1,"minecraft:clay":27,"minecraft:torch":1,"minecraft:granite":2,"minecraft:grass_block":116,"minecraft:melon":11,"minecraft:chest":7,"minecraft:birch_log":18,"minecraft:iron_ore":2,"minecraft:fire":6,"minecraft:andesite":4,"minecraft:pumpkin":7,"minecraft:coal_ore":2,"minecraft:oak_log":32,"minecraft:cobblestone_slab":4,"minecraft:gravel":13,"minecraft:dirt":4,"minecraft:cobweb":6,"minecraft:stone":29,"minecraft:oak_leaves":3},"minecraft:dropped":{"minecraft:iron_sword":2,"minecraft:iron_hoe":3,"minecraft:carrot":11,"minecraft:iron_axe":3,"minecraft:iron_pickaxe":3,"minecraft:iron_shovel":2,"minecraft:oak_leaves":1},"minecraft:used":{"minecraft:oak_fence":56,"minecraft:oak_trapdoor":28,"minecraft:water_bucket":29,"minecraft:iron_shovel":170,"minecraft:flint_and_steel":2,"minecraft:polished_andesite":1,"minecraft:oak_planks":18,"minecraft:chest":7,"minecraft:iron_sword":99,"minecraft:cobblestone_slab":147,"minecraft:dark_oak_trapdoor":4,"minecraft:iron_chestplate":3,"minecraft:oak_leaves":198,"minecraft:oak_door":2,"minecraft:torch":378,"minecraft:dirt":216,"minecraft:tnt":2,"minecraft:oak_slab":142,"minecraft:crafting_table":2,"minecraft:carrot":53,"minecraft:iron_hoe":3,"minecraft:mud":15,"minecraft:wooden_hoe":88,"minecraft:apple":16,"minecraft:villager_spawn_egg":2,"minecraft:melon_slice":1,"minecraft:grass_block":119,"minecraft:iron_axe":72,"minecraft:oak_stairs":5,"minecraft:iron_pickaxe":49,"minecraft:iron_boots":3,"minecraft:melon_seeds":29,"minecraft:cobblestone":31,"minecraft:furnace":2,"minecraft:oak_sapling":29,"minecraft:bone_meal":116},"minecraft:custom":{"minecraft:mob_kills":18,"minecraft:interact_with_crafting_table":3,"minecraft:damage_dealt_resisted":12,"minecraft:leave_game":8,"minecraft:time_since_death":21951,"minecraft:damage_resisted":570,"minecraft:time_since_rest":21975,"minecraft:sprint_one_cm":187892,"minecraft:damage_taken":2110,"minecraft:walk_one_cm":312637,"minecraft:drop":25,"minecraft:damage_dealt":4574,"minecraft:swim_one_cm":2036,"minecraft:talked_to_villager":4,"minecraft:fly_one_cm":1552834,"minecraft:player_kills":1,"minecraft:open_chest":48,"minecraft:crouch_one_cm":13963,"minecraft:play_time":190566,"minecraft:deaths":4,"minecraft:sneak_time":11098,"minecraft:walk_under_water_one_cm":23415,"minecraft:jump":925,"minecraft:walk_on_water_one_cm":4504,"minecraft:total_world_time":190566,"minecraft:fall_one_cm":9346},"minecraft:killed":{"john_mod_reborn:baby_john":1,"undead_revamp2:thehunter":1,"minecraft:spider":4,"undead_revamp2:the_moonflower":1,"enemyexpansion:equestrian":1,"undead_revamp2:theheavy":1,"undead_revamp2:bomber":1,"undead_revamp2:theswarmer":1,"born_in_chaos_v1:maggot":1,"john_mod_reborn:feral_baby_john_2":1,"undead_revamp2:thespitter":1,"john_mod_reborn:feral_baby_john_1":1}},"DataVersion":3120}