{"stats":{"minecraft:killed_by":{"minecraft:player":1,"john_mod_reborn:feral_baby_john_2":3,"undead_revamp2:thespitter":1,"undead_revamp2:thehorrors":1},"minecraft:crafted":{"minecraft:oak_planks":28,"minecraft:iron_helmet":1,"minecraft:iron_sword":1,"minecraft:oak_fence_gate":6,"minecraft:iron_boots":1,"minecraft:iron_chestplate":1,"minecraft:shield":2,"minecraft:stick":112,"minecraft:iron_pickaxe":1,"minecraft:iron_leggings":1,"minecraft:oak_fence":93},"minecraft:picked_up":{"minecraft:birch_log":5,"minecraft:iron_chestplate":4,"minecraft:feather":2,"minecraft:chicken":2,"minecraft:clay_ball":24,"minecraft:water_bucket":4,"minecraft:andesite":2,"minecraft:flint":1,"minecraft:oak_log":57,"minecraft:dirt":107,"minecraft:string":1,"minecraft:iron_axe":4,"minecraft:iron_shovel":7,"minecraft:beef":3,"minecraft:iron_ingot":64,"minecraft:oak_fence_gate":5,"minecraft:iron_pickaxe":3,"minecraft:melon_slice":7,"minecraft:chest":11,"minecraft:oak_planks":74,"minecraft:iron_sword":5,"minecraft:stick":44,"minecraft:raw_iron":1,"minecraft:oak_fence":40,"minecraft:torch":4,"minecraft:gravel":21,"minecraft:spruce_sapling":2,"minecraft:iron_hoe":7,"minecraft:rotten_flesh":1,"minecraft:granite":3,"minecraft:oak_sapling":12,"minecraft:mutton":6,"minecraft:coal":1,"minecraft:cobblestone":38},"minecraft:mined":{"minecraft:podzol":2,"minecraft:oak_fence":7,"minecraft:clay":2,"minecraft:granite":3,"minecraft:grass_block":39,"minecraft:melon":1,"minecraft:chest":4,"minecraft:cobblestone":1,"minecraft:oak_planks":1,"minecraft:birch_log":6,"minecraft:iron_ore":1,"minecraft:andesite":2,"minecraft:oak_log":17,"minecraft:coal_ore":1,"minecraft:gravel":7,"minecraft:dirt":1,"minecraft:stone":38},"minecraft:used":{"minecraft:oak_fence":33,"minecraft:oak_planks":1,"minecraft:chest":1,"minecraft:shield":12,"minecraft:iron_sword":6,"minecraft:iron_chestplate":3,"minecraft:dirt":24,"minecraft:mutton":2,"minecraft:oak_fence_gate":2,"minecraft:oak_log":2,"minecraft:iron_axe":67,"minecraft:chicken":4,"minecraft:iron_pickaxe":62,"minecraft:iron_helmet":1,"minecraft:beef":1},"minecraft:killed":{"minecraft:zombie":2},"minecraft:custom":{"minecraft:interact_with_furnace":2,"minecraft:mob_kills":2,"minecraft:interact_with_crafting_table":16,"minecraft:time_since_death":6724,"minecraft:time_since_rest":6821,"minecraft:sprint_one_cm":63561,"minecraft:damage_taken":2763,"minecraft:walk_one_cm":149937,"minecraft:damage_blocked_by_shield":360,"minecraft:damage_dealt":405,"minecraft:fly_one_cm":59634,"minecraft:open_chest":35,"minecraft:crouch_one_cm":7131,"minecraft:play_time":36382,"minecraft:deaths":10,"minecraft:sneak_time":2001,"minecraft:walk_under_water_one_cm":8107,"minecraft:jump":340,"minecraft:walk_on_water_one_cm":1731,"minecraft:total_world_time":36382,"minecraft:fall_one_cm":2441}},"DataVersion":3120}