{"stats":{"minecraft:killed_by":{"minecraft:player":1},"minecraft:crafted":{"minecraft:oak_fence_gate":1,"minecraft:oak_fence":24,"minecraft:stick":32},"minecraft:picked_up":{"minecraft:iron_axe":1,"minecraft:iron_shovel":1,"minecraft:iron_hoe":1,"minecraft:oak_fence":3,"minecraft:oak_log":3,"minecraft:iron_pickaxe":1,"minecraft:iron_sword":1,"minecraft:dirt":7},"minecraft:mined":{"minecraft:oak_log":3,"minecraft:grass_block":6,"minecraft:dirt":1,"minecraft:oak_fence":3},"minecraft:used":{"minecraft:iron_chestplate":1,"minecraft:dirt":7,"minecraft:iron_axe":6,"minecraft:iron_pickaxe":1,"minecraft:iron_helmet":1,"minecraft:oak_fence_gate":1,"minecraft:oak_log":1,"minecraft:oak_fence":6},"minecraft:custom":{"minecraft:time_since_rest":7736,"minecraft:open_chest":17,"minecraft:crouch_one_cm":3390,"minecraft:play_time":12382,"minecraft:sprint_one_cm":21175,"minecraft:walk_one_cm":52418,"minecraft:damage_taken":725,"minecraft:deaths":3,"minecraft:sneak_time":808,"minecraft:jump":118,"minecraft:time_since_death":7698,"minecraft:total_world_time":12382,"minecraft:interact_with_crafting_table":4,"minecraft:fall_one_cm":939,"minecraft:fly_one_cm":22260}},"DataVersion":3120}