{"stats":{"minecraft:killed_by":{"minecraft:player":1,"john_mod_reborn:feral_baby_john_2":3,"undead_revamp2:thespitter":1,"undead_revamp2:thehorrors":1},"minecraft:crafted":{"minecraft:golden_axe":1,"minecraft:oak_planks":28,"minecraft:diamond_sword":1,"minecraft:iron_helmet":1,"minecraft:iron_sword":1,"minecraft:oak_fence_gate":6,"minecraft:iron_boots":1,"minecraft:iron_chestplate":1,"minecraft:shield":2,"minecraft:stick":128,"minecraft:iron_pickaxe":1,"minecraft:iron_leggings":1,"minecraft:oak_fence":93},"minecraft:picked_up":{"minecraft:birch_log":9,"minecraft:iron_chestplate":4,"minecraft:feather":2,"minecraft:chicken":2,"minecraft:clay_ball":28,"minecraft:water_bucket":4,"minecraft:andesite":5,"minecraft:leather":3,"minecraft:brown_mushroom":1,"minecraft:red_mushroom":2,"minecraft:flint":2,"minecraft:oak_log":58,"minecraft:dirt":123,"minecraft:string":5,"minecraft:iron_axe":4,"minecraft:iron_shovel":7,"minecraft:beef":3,"minecraft:iron_ingot":64,"minecraft:oak_fence_gate":5,"minecraft:iron_pickaxe":3,"minecraft:melon_slice":22,"minecraft:chest":13,"minecraft:oak_planks":74,"minecraft:iron_sword":5,"minecraft:egg":2,"minecraft:stick":44,"minecraft:raw_iron":1,"minecraft:pumpkin":7,"minecraft:oak_fence":41,"minecraft:torch":5,"minecraft:gravel":25,"minecraft:spruce_sapling":2,"minecraft:diorite":4,"minecraft:carrot":11,"minecraft:spider_eye":1,"minecraft:iron_hoe":7,"minecraft:rotten_flesh":1,"minecraft:granite":9,"minecraft:oak_sapling":12,"minecraft:mutton":6,"minecraft:coal":6,"minecraft:cobblestone":75},"minecraft:mined":{"minecraft:podzol":3,"minecraft:oak_fence":9,"minecraft:clay":3,"minecraft:torch":2,"minecraft:granite":9,"minecraft:grass_block":41,"minecraft:melon":1,"minecraft:chest":6,"minecraft:cobblestone":1,"minecraft:oak_planks":1,"minecraft:diorite":4,"minecraft:birch_log":10,"minecraft:iron_ore":1,"minecraft:andesite":8,"minecraft:pumpkin":7,"minecraft:oak_log":18,"minecraft:coal_ore":3,"minecraft:gravel":13,"minecraft:dirt":15,"minecraft:stone":75},"minecraft:used":{"minecraft:oak_fence":35,"minecraft:oak_planks":1,"minecraft:chest":1,"minecraft:shield":12,"minecraft:iron_sword":20,"minecraft:iron_chestplate":3,"minecraft:dirt":24,"minecraft:mutton":2,"minecraft:carrot":4,"minecraft:oak_fence_gate":3,"minecraft:oak_log":2,"minecraft:chicken":4,"minecraft:melon_slice":3,"minecraft:iron_axe":67,"minecraft:iron_pickaxe":151,"minecraft:iron_helmet":1,"minecraft:beef":1,"minecraft:egg":2,"minecraft:pumpkin":11,"minecraft:golden_axe":10},"minecraft:killed":{"minecraft:spider":1,"minecraft:zombie":2},"minecraft:custom":{"minecraft:interact_with_furnace":3,"minecraft:mob_kills":2,"minecraft:interact_with_crafting_table":18,"minecraft:leave_game":1,"minecraft:time_since_death":25656,"minecraft:time_since_rest":25753,"minecraft:sprint_one_cm":78017,"minecraft:damage_taken":2920,"minecraft:walk_one_cm":221297,"minecraft:damage_blocked_by_shield":360,"minecraft:damage_dealt":703,"minecraft:fly_one_cm":73264,"minecraft:open_chest":42,"minecraft:crouch_one_cm":8730,"minecraft:play_time":55314,"minecraft:deaths":10,"minecraft:sneak_time":2807,"minecraft:walk_under_water_one_cm":8107,"minecraft:jump":463,"minecraft:walk_on_water_one_cm":1963,"minecraft:total_world_time":55314,"minecraft:fall_one_cm":3180}},"DataVersion":3120}