{"stats":{"minecraft:killed_by":{"minecraft:vindicator":1,"undead_revamp2:sucker":5,"minecraft:player":2,"undead_revamp2:the_moonflower":1,"minecraft:skeleton":1,"minecraft:creeper":1,"john_mod_reborn:weeping_john":2,"john_mod_reborn:feral_baby_john_2":5,"undead_revamp2:thespitter":1,"undead_revamp2:thehorrors":1},"minecraft:crafted":{"minecraft:golden_axe":1,"minecraft:oak_planks":28,"minecraft:diamond_sword":4,"minecraft:iron_helmet":4,"minecraft:iron_sword":3,"minecraft:oak_fence_gate":6,"minecraft:iron_boots":2,"minecraft:diamond_leggings":2,"minecraft:iron_chestplate":2,"minecraft:shield":2,"minecraft:iron_axe":1,"minecraft:stick":168,"minecraft:iron_pickaxe":3,"minecraft:iron_leggings":3,"minecraft:oak_fence":93,"minecraft:diamond_chestplate":1},"minecraft:picked_up":{"minecraft:birch_log":17,"minecraft:iron_chestplate":9,"minecraft:feather":2,"minecraft:chicken":4,"minecraft:clay_ball":52,"minecraft:water_bucket":4,"minecraft:andesite":20,"minecraft:leather":3,"minecraft:brown_mushroom":2,"minecraft:diamond_sword":6,"minecraft:red_mushroom":2,"minecraft:flint":14,"minecraft:oak_log":71,"minecraft:string":17,"minecraft:dirt":169,"minecraft:iron_axe":5,"minecraft:iron_leggings":5,"minecraft:iron_shovel":7,"minecraft:bone":4,"minecraft:apple":12,"minecraft:rabbit_hide":1,"minecraft:iron_ingot":73,"minecraft:beef":3,"minecraft:oak_fence_gate":5,"minecraft:stone_pickaxe":1,"minecraft:iron_pickaxe":12,"minecraft:rabbit":2,"minecraft:melon_slice":112,"minecraft:chest":23,"minecraft:iron_sword":10,"minecraft:oak_planks":539,"minecraft:iron_boots":5,"minecraft:egg":2,"minecraft:stick":96,"minecraft:raw_iron":2,"minecraft:pumpkin":10,"minecraft:oak_fence":41,"minecraft:torch":41,"minecraft:gravel":39,"minecraft:porkchop":14,"undead_unleashed:grave_metal_scrap":1,"minecraft:spruce_sapling":2,"minecraft:diorite":4,"minecraft:carrot":753,"minecraft:spider_eye":1,"minecraft:iron_hoe":7,"minecraft:arrow":4,"minecraft:rotten_flesh":10,"minecraft:stone_axe":2,"minecraft:iron_helmet":6,"minecraft:granite":12,"minecraft:oak_sapling":15,"born_in_chaos_v1:rotten_fish":1,"minecraft:mutton":11,"minecraft:coal":78,"minecraft:white_wool":4,"minecraft:cobblestone":87},"minecraft:mined":{"minecraft:podzol":7,"minecraft:attached_melon_stem":1,"minecraft:oak_fence":9,"minecraft:clay":6,"minecraft:torch":3,"minecraft:granite":10,"minecraft:grass_block":87,"minecraft:melon":4,"minecraft:chest":10,"minecraft:cobblestone":1,"minecraft:oak_planks":31,"minecraft:diorite":4,"minecraft:carrots":55,"minecraft:birch_log":14,"minecraft:iron_ore":2,"minecraft:andesite":14,"minecraft:pumpkin":10,"minecraft:coal_ore":7,"minecraft:oak_log":34,"minecraft:dirt_path":1,"minecraft:gravel":21,"minecraft:dirt":15,"minecraft:cobweb":5,"minecraft:stone":86},"minecraft:dropped":{"minecraft:stone_axe":1,"born_in_chaos_v1:rotten_fish":1,"minecraft:rotten_flesh":5,"minecraft:rabbit_hide":1,"minecraft:oak_sapling":1,"minecraft:stone_pickaxe":1,"minecraft:iron_pickaxe":1,"minecraft:string":1},"minecraft:used":{"minecraft:oak_fence":35,"minecraft:stone_pickaxe":31,"minecraft:oak_planks":9,"minecraft:chest":1,"minecraft:shield":14,"minecraft:iron_sword":29,"minecraft:iron_chestplate":3,"minecraft:dirt":27,"minecraft:mutton":2,"minecraft:carrot":16,"minecraft:oak_fence_gate":3,"minecraft:oak_log":3,"minecraft:apple":4,"minecraft:chicken":4,"minecraft:iron_axe":141,"minecraft:melon_slice":7,"minecraft:iron_pickaxe":194,"minecraft:iron_helmet":1,"minecraft:gravel":1,"minecraft:diamond_sword":40,"minecraft:beef":1,"minecraft:oak_sapling":1,"minecraft:egg":2,"minecraft:pumpkin":13,"minecraft:golden_axe":10,"minecraft:iron_leggings":1},"minecraft:broken":{"undead_revamp2:acidsack":1},"minecraft:killed":{"minecraft:spider":1,"minecraft:zombie":3,"undead_revamp2:thespitter":1},"minecraft:custom":{"minecraft:interact_with_furnace":3,"minecraft:mob_kills":4,"minecraft:interact_with_crafting_table":33,"minecraft:leave_game":5,"minecraft:time_since_death":14582,"minecraft:time_since_rest":14612,"minecraft:sprint_one_cm":188127,"minecraft:damage_taken":7317,"minecraft:walk_one_cm":461278,"minecraft:damage_blocked_by_shield":420,"minecraft:drop":12,"minecraft:damage_dealt":1142,"minecraft:fly_one_cm":176766,"minecraft:open_chest":98,"minecraft:crouch_one_cm":15364,"minecraft:play_time":112463,"minecraft:deaths":25,"minecraft:sneak_time":6417,"minecraft:walk_under_water_one_cm":20825,"minecraft:jump":941,"minecraft:walk_on_water_one_cm":11958,"minecraft:total_world_time":112463,"minecraft:fall_one_cm":9619}},"DataVersion":3120}