{"stats":{"minecraft:killed_by":{"minecraft:player":1,"undead_revamp2:sucker":5,"minecraft:skeleton":1,"minecraft:creeper":1,"john_mod_reborn:weeping_john":2,"john_mod_reborn:feral_baby_john_2":5,"undead_revamp2:thespitter":1,"undead_revamp2:thehorrors":1},"minecraft:crafted":{"minecraft:golden_axe":1,"minecraft:oak_planks":28,"minecraft:diamond_sword":3,"minecraft:iron_helmet":4,"minecraft:iron_sword":3,"minecraft:oak_fence_gate":6,"minecraft:diamond_leggings":1,"minecraft:iron_boots":2,"minecraft:iron_chestplate":2,"minecraft:shield":2,"minecraft:iron_axe":1,"minecraft:stick":152,"minecraft:iron_pickaxe":3,"minecraft:iron_leggings":3,"minecraft:oak_fence":93},"minecraft:picked_up":{"minecraft:birch_log":13,"minecraft:iron_chestplate":8,"minecraft:feather":2,"minecraft:chicken":3,"minecraft:clay_ball":28,"minecraft:water_bucket":4,"minecraft:andesite":20,"minecraft:leather":3,"minecraft:brown_mushroom":2,"minecraft:diamond_sword":5,"minecraft:red_mushroom":2,"minecraft:flint":14,"minecraft:oak_log":69,"minecraft:dirt":133,"minecraft:string":16,"minecraft:iron_axe":4,"minecraft:iron_leggings":5,"minecraft:iron_shovel":7,"minecraft:bone":3,"minecraft:rabbit_hide":1,"minecraft:iron_ingot":64,"minecraft:beef":3,"minecraft:oak_fence_gate":5,"minecraft:rabbit":1,"minecraft:iron_pickaxe":10,"minecraft:melon_slice":70,"minecraft:chest":15,"minecraft:oak_planks":475,"minecraft:iron_sword":10,"minecraft:iron_boots":5,"minecraft:egg":2,"minecraft:stick":95,"minecraft:raw_iron":2,"minecraft:pumpkin":7,"minecraft:oak_fence":41,"minecraft:torch":41,"minecraft:gravel":39,"minecraft:porkchop":7,"undead_unleashed:grave_metal_scrap":1,"minecraft:spruce_sapling":2,"minecraft:diorite":4,"minecraft:carrot":497,"minecraft:spider_eye":1,"minecraft:iron_hoe":7,"minecraft:arrow":2,"minecraft:rotten_flesh":2,"minecraft:stone_axe":1,"minecraft:iron_helmet":5,"minecraft:granite":12,"born_in_chaos_v1:rotten_fish":1,"minecraft:oak_sapling":14,"minecraft:mutton":10,"minecraft:coal":26,"minecraft:white_wool":2,"minecraft:cobblestone":87},"minecraft:mined":{"minecraft:podzol":3,"minecraft:attached_melon_stem":1,"minecraft:oak_fence":9,"minecraft:clay":3,"minecraft:torch":2,"minecraft:granite":10,"minecraft:grass_block":48,"minecraft:melon":1,"minecraft:chest":7,"minecraft:cobblestone":1,"minecraft:oak_planks":1,"minecraft:diorite":4,"minecraft:carrots":21,"minecraft:birch_log":12,"minecraft:iron_ore":2,"minecraft:andesite":14,"minecraft:pumpkin":7,"minecraft:oak_log":22,"minecraft:coal_ore":7,"minecraft:gravel":19,"minecraft:dirt":15,"minecraft:cobweb":5,"minecraft:stone":86},"minecraft:dropped":{"born_in_chaos_v1:rotten_fish":1,"minecraft:rotten_flesh":1,"minecraft:rabbit_hide":1},"minecraft:used":{"minecraft:oak_fence":35,"minecraft:oak_planks":2,"minecraft:chest":1,"minecraft:shield":14,"minecraft:iron_sword":29,"minecraft:iron_chestplate":3,"minecraft:dirt":27,"minecraft:mutton":2,"minecraft:carrot":13,"minecraft:oak_fence_gate":3,"minecraft:oak_log":3,"minecraft:chicken":4,"minecraft:melon_slice":7,"minecraft:iron_axe":70,"minecraft:iron_pickaxe":190,"minecraft:iron_helmet":1,"minecraft:gravel":1,"minecraft:diamond_sword":3,"minecraft:beef":1,"minecraft:oak_sapling":1,"minecraft:egg":2,"minecraft:pumpkin":11,"minecraft:golden_axe":10,"minecraft:iron_leggings":1},"minecraft:broken":{"undead_revamp2:acidsack":1},"minecraft:killed":{"minecraft:spider":1,"minecraft:zombie":3},"minecraft:custom":{"minecraft:interact_with_furnace":3,"minecraft:mob_kills":3,"minecraft:interact_with_crafting_table":29,"minecraft:leave_game":3,"minecraft:time_since_death":13670,"minecraft:time_since_rest":13700,"minecraft:sprint_one_cm":146086,"minecraft:damage_taken":6209,"minecraft:walk_one_cm":370384,"minecraft:damage_blocked_by_shield":420,"minecraft:drop":3,"minecraft:damage_dealt":841,"minecraft:fly_one_cm":130367,"minecraft:open_chest":83,"minecraft:crouch_one_cm":11430,"minecraft:play_time":90365,"minecraft:deaths":22,"minecraft:sneak_time":3447,"minecraft:walk_under_water_one_cm":20825,"minecraft:jump":733,"minecraft:walk_on_water_one_cm":11179,"minecraft:total_world_time":90365,"minecraft:fall_one_cm":6552}},"DataVersion":3120}