{"stats":{"minecraft:killed_by":{"john_mod_reborn:feral_baby_john_2":3,"minecraft:player":1,"undead_revamp2:thespitter":1},"minecraft:crafted":{"minecraft:oak_fence_gate":1,"minecraft:oak_planks":28,"minecraft:stick":64,"minecraft:oak_fence":45},"minecraft:picked_up":{"minecraft:stick":24,"minecraft:iron_chestplate":4,"minecraft:clay_ball":20,"minecraft:water_bucket":4,"minecraft:oak_fence":3,"minecraft:torch":4,"minecraft:gravel":20,"minecraft:flint":1,"minecraft:oak_log":55,"minecraft:dirt":106,"minecraft:iron_axe":4,"minecraft:iron_hoe":5,"minecraft:iron_shovel":5,"minecraft:beef":3,"minecraft:iron_pickaxe":3,"minecraft:oak_sapling":12,"minecraft:melon_slice":7,"minecraft:mutton":6,"minecraft:chest":10,"minecraft:iron_sword":5,"minecraft:oak_planks":67},"minecraft:mined":{"minecraft:podzol":2,"minecraft:birch_log":1,"minecraft:oak_fence":5,"minecraft:clay":1,"minecraft:grass_block":38,"minecraft:oak_log":15,"minecraft:melon":1,"minecraft:chest":3,"minecraft:gravel":6,"minecraft:dirt":1,"minecraft:oak_planks":1},"minecraft:used":{"minecraft:oak_log":2,"minecraft:oak_fence":12,"minecraft:iron_axe":65,"minecraft:iron_pickaxe":3,"minecraft:oak_planks":1,"minecraft:chest":1,"minecraft:iron_helmet":1,"minecraft:iron_chestplate":3,"minecraft:dirt":23,"minecraft:beef":1,"minecraft:oak_fence_gate":1},"minecraft:custom":{"minecraft:time_since_rest":7343,"minecraft:sprint_one_cm":39691,"minecraft:damage_taken":1978,"minecraft:walk_one_cm":114167,"minecraft:interact_with_crafting_table":8,"minecraft:fly_one_cm":29279,"minecraft:open_chest":21,"minecraft:crouch_one_cm":6657,"minecraft:play_time":24382,"minecraft:deaths":8,"minecraft:sneak_time":1580,"minecraft:walk_under_water_one_cm":8107,"minecraft:jump":215,"minecraft:walk_on_water_one_cm":888,"minecraft:time_since_death":7311,"minecraft:total_world_time":24382,"minecraft:fall_one_cm":1686}},"DataVersion":3120}