{"stats":{"minecraft:killed_by":{"minecraft:player":1,"undead_revamp2:sucker":5,"minecraft:skeleton":1,"minecraft:creeper":1,"john_mod_reborn:feral_baby_john_2":5,"undead_revamp2:thespitter":1,"undead_revamp2:thehorrors":1},"minecraft:crafted":{"minecraft:golden_axe":1,"minecraft:oak_planks":28,"minecraft:diamond_sword":2,"minecraft:iron_helmet":3,"minecraft:iron_sword":3,"minecraft:oak_fence_gate":6,"minecraft:iron_boots":2,"minecraft:iron_chestplate":2,"minecraft:shield":2,"minecraft:stick":144,"minecraft:iron_pickaxe":3,"minecraft:iron_leggings":3,"minecraft:oak_fence":93},"minecraft:picked_up":{"minecraft:birch_log":13,"minecraft:iron_chestplate":4,"minecraft:feather":2,"minecraft:chicken":2,"minecraft:clay_ball":28,"minecraft:water_bucket":4,"minecraft:andesite":20,"minecraft:leather":3,"minecraft:brown_mushroom":2,"minecraft:diamond_sword":5,"minecraft:red_mushroom":2,"minecraft:flint":14,"minecraft:oak_log":69,"minecraft:dirt":130,"minecraft:string":12,"minecraft:iron_axe":4,"minecraft:iron_leggings":4,"minecraft:iron_shovel":7,"minecraft:bone":2,"minecraft:iron_ingot":64,"minecraft:beef":3,"minecraft:oak_fence_gate":5,"minecraft:iron_pickaxe":7,"minecraft:melon_slice":70,"minecraft:chest":15,"minecraft:oak_planks":310,"minecraft:iron_sword":9,"minecraft:iron_boots":5,"minecraft:egg":2,"minecraft:stick":64,"minecraft:raw_iron":2,"minecraft:pumpkin":7,"minecraft:oak_fence":41,"minecraft:torch":41,"minecraft:gravel":39,"undead_unleashed:grave_metal_scrap":1,"minecraft:spruce_sapling":2,"minecraft:diorite":4,"minecraft:carrot":11,"minecraft:spider_eye":1,"minecraft:iron_hoe":7,"minecraft:rotten_flesh":1,"minecraft:iron_helmet":2,"minecraft:granite":12,"minecraft:oak_sapling":12,"minecraft:mutton":6,"minecraft:coal":22,"minecraft:cobblestone":87},"minecraft:mined":{"minecraft:podzol":3,"minecraft:oak_fence":9,"minecraft:clay":3,"minecraft:torch":2,"minecraft:granite":10,"minecraft:grass_block":43,"minecraft:melon":1,"minecraft:chest":7,"minecraft:cobblestone":1,"minecraft:oak_planks":1,"minecraft:diorite":4,"minecraft:birch_log":12,"minecraft:iron_ore":2,"minecraft:andesite":14,"minecraft:pumpkin":7,"minecraft:oak_log":20,"minecraft:coal_ore":7,"minecraft:gravel":19,"minecraft:dirt":15,"minecraft:cobweb":2,"minecraft:stone":86},"minecraft:used":{"minecraft:oak_fence":35,"minecraft:oak_planks":2,"minecraft:chest":1,"minecraft:shield":14,"minecraft:iron_sword":24,"minecraft:iron_chestplate":3,"minecraft:dirt":24,"minecraft:mutton":2,"minecraft:carrot":4,"minecraft:oak_fence_gate":3,"minecraft:oak_log":3,"minecraft:chicken":4,"minecraft:melon_slice":7,"minecraft:iron_axe":67,"minecraft:iron_pickaxe":186,"minecraft:iron_helmet":1,"minecraft:gravel":1,"minecraft:beef":1,"minecraft:egg":2,"minecraft:pumpkin":11,"minecraft:golden_axe":10},"minecraft:killed":{"minecraft:spider":1,"minecraft:zombie":3},"minecraft:custom":{"minecraft:interact_with_furnace":3,"minecraft:mob_kills":3,"minecraft:interact_with_crafting_table":23,"minecraft:leave_game":3,"minecraft:time_since_death":2039,"minecraft:time_since_rest":2071,"minecraft:sprint_one_cm":106766,"minecraft:damage_taken":5447,"minecraft:walk_one_cm":274532,"minecraft:damage_blocked_by_shield":420,"minecraft:damage_dealt":841,"minecraft:fly_one_cm":97437,"minecraft:open_chest":60,"minecraft:crouch_one_cm":9324,"minecraft:play_time":72365,"minecraft:deaths":19,"minecraft:sneak_time":2957,"minecraft:walk_under_water_one_cm":8107,"minecraft:jump":590,"minecraft:walk_on_water_one_cm":9642,"minecraft:total_world_time":72365,"minecraft:fall_one_cm":6330}},"DataVersion":3120}