{
  "undead_unleashed:undead_unleashed": {
    "criteria": {
      "undead_unleashed": "2024-07-11 06:13:13 +0000"
    },
    "done": true
  },
  "minecraft:story/lava_bucket": {
    "criteria": {
      "lava_bucket": "2024-07-11 06:38:04 +0000"
    },
    "done": true
  },
  "create:root": {
    "criteria": {
      "0": "2024-07-11 06:13:13 +0000"
    },
    "done": true
  },
  "savage_and_ravage:adventure/creeper_spores": {
    "criteria": {
      "creeper_spores": "2024-07-11 06:59:36 +0000"
    },
    "done": true
  },
  "minecraft:story/iron_tools": {
    "criteria": {
      "iron_pickaxe": "2024-07-11 20:09:49 +0000"
    },
    "done": true
  },
  "minecraft:husbandry/root": {
    "criteria": {
      "consumed_item": "2024-07-11 19:46:16 +0000"
    },
    "done": true
  },
  "minecraft:adventure/kill_a_mob": {
    "criteria": {
      "minecraft:spider": "2024-07-11 06:46:57 +0000"
    },
    "done": true
  },
  "minecraft:adventure/kill_all_mobs": {
    "criteria": {
      "minecraft:spider": "2024-07-11 06:46:57 +0000",
      "minecraft:witch": "2024-07-11 20:12:22 +0000",
      "minecraft:endermite": "2024-07-11 20:14:56 +0000",
      "minecraft:vex": "2024-07-11 19:57:35 +0000"
    },
    "done": false
  },
  "minecraft:story/mine_diamond": {
    "criteria": {
      "diamond": "2024-07-11 19:34:05 +0000"
    },
    "done": true
  },
  "apocalypse:root": {
    "criteria": {
      "pass_grace_period": "2024-07-11 19:45:06 +0000"
    },
    "done": true
  },
  "minecraft:story/obtain_armor": {
    "criteria": {
      "iron_boots": "2024-07-11 19:26:30 +0000"
    },
    "done": true
  },
  "minecraft:story/smelt_iron": {
    "criteria": {
      "iron": "2024-07-11 19:49:17 +0000"
    },
    "done": true
  },
  "minecraft:husbandry/balanced_diet": {
    "criteria": {
      "melon_slice": "2024-07-11 19:57:10 +0000",
      "carrot": "2024-07-11 19:46:16 +0000"
    },
    "done": false
  },
  "minecraft:adventure/trade": {
    "criteria": {
      "traded": "2024-07-11 20:03:18 +0000"
    },
    "done": true
  },
  "minecraft:story/mine_stone": {
    "criteria": {
      "get_stone": "2024-07-11 06:27:41 +0000"
    },
    "done": true
  },
  "minecraft:adventure/root": {
    "criteria": {
      "killed_something": "2024-07-11 06:14:33 +0000"
    },
    "done": true
  },
  "minecraft:husbandry/plant_seed": {
    "criteria": {
      "wheat": "2024-07-11 19:32:36 +0000"
    },
    "done": true
  },
  "undead_revamp2:theundeadchallenges": {
    "criteria": {
      "theundeadchallenges": "2024-07-11 06:13:14 +0000"
    },
    "done": true
  },
  "undead_unleashed:shards_of_the_past": {
    "criteria": {
      "shards_of_the_past": "2024-07-11 06:47:15 +0000"
    },
    "done": true
  },
  "minecraft:adventure/adventuring_time": {
    "criteria": {
      "minecraft:plains": "2024-07-11 06:13:14 +0000"
    },
    "done": false
  },
  "minecraft:husbandry/tame_an_animal": {
    "criteria": {
      "tamed_animal": "2024-07-11 19:28:31 +0000"
    },
    "done": true
  },
  "DataVersion": 3120
}