{
  "minecraft:story/obtain_armor": {
    "criteria": {
      "iron_helmet": "2024-07-11 16:25:16 +0000"
    },
    "done": true
  },
  "undead_unleashed:undead_unleashed": {
    "criteria": {
      "undead_unleashed": "2024-07-11 16:20:37 +0000"
    },
    "done": true
  },
  "minecraft:husbandry/balanced_diet": {
    "criteria": {
      "beef": "2024-07-11 16:33:52 +0000"
    },
    "done": false
  },
  "create:root": {
    "criteria": {
      "0": "2024-07-11 16:20:37 +0000"
    },
    "done": true
  },
  "minecraft:story/iron_tools": {
    "criteria": {
      "iron_pickaxe": "2024-07-11 16:26:26 +0000"
    },
    "done": true
  },
  "minecraft:husbandry/root": {
    "criteria": {
      "consumed_item": "2024-07-11 16:33:52 +0000"
    },
    "done": true
  },
  "minecraft:adventure/root": {
    "criteria": {
      "killed_by_something": "2024-07-11 16:23:49 +0000"
    },
    "done": true
  },
  "undead_revamp2:theundeadchallenges": {
    "criteria": {
      "theundeadchallenges": "2024-07-11 16:20:37 +0000"
    },
    "done": true
  },
  "minecraft:adventure/adventuring_time": {
    "criteria": {
      "minecraft:plains": "2024-07-11 16:20:38 +0000"
    },
    "done": false
  },
  "apocalypse:root": {
    "criteria": {
      "pass_grace_period": "2024-07-11 16:40:46 +0000"
    },
    "done": true
  },
  "DataVersion": 3120
}